{
"meta":{"test_sets":[],"test_metrics":[],"learn_metrics":[{"best_value":"Min","name":"RMSE"}],"launch_mode":"Train","parameters":"","iteration_count":1000,"learn_sets":["learn"],"name":"experiment"},
"iterations":[
{"learn":[14083.51111],"iteration":0,"passed_time":0.02364883788,"remaining_time":23.62518905},
{"learn":[13010.06025],"iteration":1,"passed_time":0.04492155684,"remaining_time":22.41585686},
{"learn":[12052.96325],"iteration":2,"passed_time":0.0616521164,"remaining_time":20.48905335},
{"learn":[11197.58356],"iteration":3,"passed_time":0.07741902113,"remaining_time":19.27733626},
{"learn":[10435.28749],"iteration":4,"passed_time":0.09294741892,"remaining_time":18.49653636},
{"learn":[9750.36206],"iteration":5,"passed_time":0.1080074803,"remaining_time":17.89323924},
{"learn":[9127.591465],"iteration":6,"passed_time":0.1236865935,"remaining_time":17.54582676},
{"learn":[8583.741073],"iteration":7,"passed_time":0.140459038,"remaining_time":17.41692072},
{"learn":[8097.928101],"iteration":8,"passed_time":0.1562112494,"remaining_time":17.20059424},
{"learn":[7670.857373],"iteration":9,"passed_time":0.1704580063,"remaining_time":16.87534262},
{"learn":[7299.001853],"iteration":10,"passed_time":0.1849089452,"remaining_time":16.62499516},
{"learn":[6954.493679],"iteration":11,"passed_time":0.1994573729,"remaining_time":16.42199037},
{"learn":[6658.587031],"iteration":12,"passed_time":0.2136854186,"remaining_time":16.22365448},
{"learn":[6386.094735],"iteration":13,"passed_time":0.2332900578,"remaining_time":16.4302855},
{"learn":[6151.663331],"iteration":14,"passed_time":0.2572567555,"remaining_time":16.89319361},
{"learn":[5945.567606],"iteration":15,"passed_time":0.2747186692,"remaining_time":16.89519815},
{"learn":[5765.583709],"iteration":16,"passed_time":0.2887579153,"remaining_time":16.69700181},
{"learn":[5617.23182],"iteration":17,"passed_time":0.3034992114,"remaining_time":16.55756809},
{"learn":[5456.500369],"iteration":18,"passed_time":0.3187883013,"remaining_time":16.45954335},
{"learn":[5336.094904],"iteration":19,"passed_time":0.3335711143,"remaining_time":16.3449846},
{"learn":[5214.579121],"iteration":20,"passed_time":0.3490617078,"remaining_time":16.27292438},
{"learn":[5114.651292],"iteration":21,"passed_time":0.3639457377,"remaining_time":16.17904234},
{"learn":[5002.640892],"iteration":22,"passed_time":0.3774066318,"remaining_time":16.03157736},
{"learn":[4920.578769],"iteration":23,"passed_time":0.391161998,"remaining_time":15.90725458},
{"learn":[4823.639262],"iteration":24,"passed_time":0.40533872,"remaining_time":15.80821008},
{"learn":[4740.517102],"iteration":25,"passed_time":0.4195279434,"remaining_time":15.71616219},
{"learn":[4661.832415],"iteration":26,"passed_time":0.4366068111,"remaining_time":15.73401582},
{"learn":[4595.345998],"iteration":27,"passed_time":0.4617599716,"remaining_time":16.02966758},
{"learn":[4526.635925],"iteration":28,"passed_time":0.4769460243,"remaining_time":15.96946861},
{"learn":[4473.920214],"iteration":29,"passed_time":0.4918740735,"remaining_time":15.90392838},
{"learn":[4429.534711],"iteration":30,"passed_time":0.50619079,"remaining_time":15.82254437},
{"learn":[4382.298494],"iteration":31,"passed_time":0.5213763944,"remaining_time":15.77163593},
{"learn":[4328.723286],"iteration":32,"passed_time":0.536223291,"remaining_time":15.71296735},
{"learn":[4285.546409],"iteration":33,"passed_time":0.5525794957,"remaining_time":15.69975861},
{"learn":[4244.621206],"iteration":34,"passed_time":0.5682640477,"remaining_time":15.6678516},
{"learn":[4215.078639],"iteration":35,"passed_time":0.5828851265,"remaining_time":15.60836839},
{"learn":[4173.643148],"iteration":36,"passed_time":0.5966047126,"remaining_time":15.52784698},
{"learn":[4129.38381],"iteration":37,"passed_time":0.6105620469,"remaining_time":15.45686024},
{"learn":[4095.712507],"iteration":38,"passed_time":0.6240088893,"remaining_time":15.37621904},
{"learn":[4062.823281],"iteration":39,"passed_time":0.6420733698,"remaining_time":15.40976087},
{"learn":[4035.355522],"iteration":40,"passed_time":0.6677955538,"remaining_time":15.61990088},
{"learn":[4008.028349],"iteration":41,"passed_time":0.6840677902,"remaining_time":15.60326055},
{"learn":[3982.52075],"iteration":42,"passed_time":0.6975523343,"remaining_time":15.52459498},
{"learn":[3957.992464],"iteration":43,"passed_time":0.7138344994,"remaining_time":15.50967685},
{"learn":[3931.157219],"iteration":44,"passed_time":0.7278973857,"remaining_time":15.44760007},
{"learn":[3912.548798],"iteration":45,"passed_time":0.7426978279,"remaining_time":15.40290713},
{"learn":[3896.962518],"iteration":46,"passed_time":0.7571569797,"remaining_time":15.35256599},
{"learn":[3874.289422],"iteration":47,"passed_time":0.7707158993,"remaining_time":15.28586534},
{"learn":[3855.812102],"iteration":48,"passed_time":0.7860583656,"remaining_time":15.25594909},
{"learn":[3834.977505],"iteration":49,"passed_time":0.799821949,"remaining_time":15.19661703},
{"learn":[3821.995115],"iteration":50,"passed_time":0.8134807169,"remaining_time":15.13712157},
{"learn":[3802.126235],"iteration":51,"passed_time":0.8285472394,"remaining_time":15.10505352},
{"learn":[3787.532991],"iteration":52,"passed_time":0.8442435372,"remaining_time":15.08487981},
{"learn":[3772.552319],"iteration":53,"passed_time":0.8690404988,"remaining_time":15.22430207},
{"learn":[3757.382257],"iteration":54,"passed_time":0.8853312232,"remaining_time":15.21160011},
{"learn":[3748.644076],"iteration":55,"passed_time":0.8990966704,"remaining_time":15.15620101},
{"learn":[3736.520699],"iteration":56,"passed_time":0.9129143174,"remaining_time":15.10312634},
{"learn":[3721.827966],"iteration":57,"passed_time":0.9267037841,"remaining_time":15.05094767},
{"learn":[3710.806634],"iteration":58,"passed_time":0.9423634062,"remaining_time":15.02989772},
{"learn":[3696.929795],"iteration":59,"passed_time":0.9568965281,"remaining_time":14.99137894},
{"learn":[3688.422581],"iteration":60,"passed_time":0.9711473887,"remaining_time":14.94930161},
{"learn":[3675.802324],"iteration":61,"passed_time":0.9847318755,"remaining_time":14.89804031},
{"learn":[3664.901027],"iteration":62,"passed_time":0.9988344734,"remaining_time":14.85568098},
{"learn":[3655.738895],"iteration":63,"passed_time":1.011971053,"remaining_time":14.80007665},
{"learn":[3647.840577],"iteration":64,"passed_time":1.025852254,"remaining_time":14.75649012},
{"learn":[3639.615232],"iteration":65,"passed_time":1.040595826,"remaining_time":14.7260076},
{"learn":[3629.747426],"iteration":66,"passed_time":1.064285424,"remaining_time":14.82057164},
{"learn":[3623.198872],"iteration":67,"passed_time":1.079894974,"remaining_time":14.80091347},
{"learn":[3611.138222],"iteration":68,"passed_time":1.096274386,"remaining_time":14.79176019},
{"learn":[3604.590098],"iteration":69,"passed_time":1.110007765,"remaining_time":14.74724602},
{"learn":[3595.367994],"iteration":70,"passed_time":1.12416506,"remaining_time":14.70914564},
{"learn":[3590.087498],"iteration":71,"passed_time":1.138140598,"remaining_time":14.66936771},
{"learn":[3583.960207],"iteration":72,"passed_time":1.152310546,"remaining_time":14.63276543},
{"learn":[3574.344989],"iteration":73,"passed_time":1.167854824,"remaining_time":14.61396713},
{"learn":[3567.694859],"iteration":74,"passed_time":1.182096429,"remaining_time":14.57918929},
{"learn":[3559.671777],"iteration":75,"passed_time":1.197211465,"remaining_time":14.55557097},
{"learn":[3552.681584],"iteration":76,"passed_time":1.211343016,"remaining_time":14.52038447},
{"learn":[3544.499569],"iteration":77,"passed_time":1.226142081,"remaining_time":14.49362819},
{"learn":[3538.495165],"iteration":78,"passed_time":1.241918593,"remaining_time":14.47856993},
{"learn":[3528.940131],"iteration":79,"passed_time":1.267401112,"remaining_time":14.57511279},
{"learn":[3523.996707],"iteration":80,"passed_time":1.282372828,"remaining_time":14.54939048},
{"learn":[3518.468578],"iteration":81,"passed_time":1.302844487,"remaining_time":14.58550292},
{"learn":[3513.893124],"iteration":82,"passed_time":1.317515162,"remaining_time":14.55616149},
{"learn":[3506.947354],"iteration":83,"passed_time":1.331884203,"remaining_time":14.52388012},
{"learn":[3502.702262],"iteration":84,"passed_time":1.351379255,"remaining_time":14.54720022},
{"learn":[3499.157807],"iteration":85,"passed_time":1.365091416,"remaining_time":14.50806459},
{"learn":[3488.428589],"iteration":86,"passed_time":1.380555853,"remaining_time":14.48790223},
{"learn":[3483.718397],"iteration":87,"passed_time":1.396977805,"remaining_time":14.47776998},
{"learn":[3478.46503],"iteration":88,"passed_time":1.410633992,"remaining_time":14.43918614},
{"learn":[3472.303043],"iteration":89,"passed_time":1.425412807,"remaining_time":14.41250728},
{"learn":[3464.541074],"iteration":90,"passed_time":1.439573263,"remaining_time":14.37991315},
{"learn":[3459.032072],"iteration":91,"passed_time":1.464670298,"remaining_time":14.45565903},
{"learn":[3454.987201],"iteration":92,"passed_time":1.481359147,"remaining_time":14.44723383},
{"learn":[3445.115177],"iteration":93,"passed_time":1.498115785,"remaining_time":14.43928618},
{"learn":[3439.368373],"iteration":94,"passed_time":1.512400002,"remaining_time":14.40760002},
{"learn":[3435.169559],"iteration":95,"passed_time":1.530688953,"remaining_time":14.41398764},
{"learn":[3428.620086],"iteration":96,"passed_time":1.545458534,"remaining_time":14.38710367},
{"learn":[3423.58846],"iteration":97,"passed_time":1.559437084,"remaining_time":14.35318623},
{"learn":[3418.886501],"iteration":98,"passed_time":1.574902942,"remaining_time":14.33320758},
{"learn":[3414.423907],"iteration":99,"passed_time":1.589044576,"remaining_time":14.30140119},
{"learn":[3411.274148],"iteration":100,"passed_time":1.602092399,"remaining_time":14.26020858},
{"learn":[3404.404328],"iteration":101,"passed_time":1.617182182,"remaining_time":14.23754509},
{"learn":[3401.442478],"iteration":102,"passed_time":1.630748848,"remaining_time":14.20176424},
{"learn":[3397.184594],"iteration":103,"passed_time":1.651300221,"remaining_time":14.22658652},
{"learn":[3394.14086],"iteration":104,"passed_time":1.672736299,"remaining_time":14.2580856},
{"learn":[3392.029266],"iteration":105,"passed_time":1.68595721,"remaining_time":14.21929949},
{"learn":[3386.269077],"iteration":106,"passed_time":1.702478484,"remaining_time":14.20853538},
{"learn":[3383.533318],"iteration":107,"passed_time":1.716700127,"remaining_time":14.17867142},
{"learn":[3380.336261],"iteration":108,"passed_time":1.731550659,"remaining_time":14.15423521},
{"learn":[3372.205102],"iteration":109,"passed_time":1.746920989,"remaining_time":14.13417891},
{"learn":[3369.067397],"iteration":110,"passed_time":1.761934793,"remaining_time":14.11135163},
{"learn":[3365.719185],"iteration":111,"passed_time":1.775537773,"remaining_time":14.07747806},
{"learn":[3361.325741],"iteration":112,"passed_time":1.790064306,"remaining_time":14.05121274},
{"learn":[3358.96747],"iteration":113,"passed_time":1.804070417,"remaining_time":14.02110868},
{"learn":[3354.239402],"iteration":114,"passed_time":1.818822888,"remaining_time":13.99702831},
{"learn":[3347.138157],"iteration":115,"passed_time":1.834167911,"remaining_time":13.97762443},
{"learn":[3341.544711],"iteration":116,"passed_time":1.848805255,"remaining_time":13.95294906},
{"learn":[3338.646315],"iteration":117,"passed_time":1.870892951,"remaining_time":13.98413206},
{"learn":[3334.927085],"iteration":118,"passed_time":1.891666986,"remaining_time":14.00469424},
{"learn":[3330.337441],"iteration":119,"passed_time":1.907390147,"remaining_time":13.98752774},
{"learn":[3328.298377],"iteration":120,"passed_time":1.920822025,"remaining_time":13.95374017},
{"learn":[3325.934337],"iteration":121,"passed_time":1.934349256,"remaining_time":13.92097251},
{"learn":[3323.160911],"iteration":122,"passed_time":1.948856321,"remaining_time":13.89550401},
{"learn":[3318.254814],"iteration":123,"passed_time":1.964301906,"remaining_time":13.87684249},
{"learn":[3310.509594],"iteration":124,"passed_time":1.979798993,"remaining_time":13.85859295},
{"learn":[3308.009365],"iteration":125,"passed_time":1.994748316,"remaining_time":13.83658753},
{"learn":[3305.936148],"iteration":126,"passed_time":2.009149649,"remaining_time":13.81092633},
{"learn":[3304.157776],"iteration":127,"passed_time":2.023384688,"remaining_time":13.78430819},
{"learn":[3301.313235],"iteration":128,"passed_time":2.037814229,"remaining_time":13.7591953},
{"learn":[3296.679576],"iteration":129,"passed_time":2.056346247,"remaining_time":13.76170181},
{"learn":[3290.631557],"iteration":130,"passed_time":2.081736244,"remaining_time":13.80938012},
{"learn":[3287.078498],"iteration":131,"passed_time":2.097562868,"remaining_time":13.79306492},
{"learn":[3283.347505],"iteration":132,"passed_time":2.11254312,"remaining_time":13.77123974},
{"learn":[3279.596683],"iteration":133,"passed_time":2.127118111,"remaining_time":13.74689764},
{"learn":[3277.776905],"iteration":134,"passed_time":2.141056652,"remaining_time":13.71862225},
{"learn":[3275.641743],"iteration":135,"passed_time":2.154098145,"remaining_time":13.6848588},
{"learn":[3273.751148],"iteration":136,"passed_time":2.169649313,"remaining_time":13.66720698},
{"learn":[3268.390272],"iteration":137,"passed_time":2.183942129,"remaining_time":13.64172547},
{"learn":[3265.002066],"iteration":138,"passed_time":2.198022364,"remaining_time":13.61508817},
{"learn":[3262.138556],"iteration":139,"passed_time":2.21306797,"remaining_time":13.59456039},
{"learn":[3258.856866],"iteration":140,"passed_time":2.227757404,"remaining_time":13.5719405},
{"learn":[3257.686505],"iteration":141,"passed_time":2.240397244,"remaining_time":13.53704814},
{"learn":[3254.746815],"iteration":142,"passed_time":2.254795839,"remaining_time":13.51300723},
{"learn":[3249.246704],"iteration":143,"passed_time":2.279081955,"remaining_time":13.54787607},
{"learn":[3246.315766],"iteration":144,"passed_time":2.297660594,"remaining_time":13.54827454},
{"learn":[3244.164633],"iteration":145,"passed_time":2.312648486,"remaining_time":13.52740964},
{"learn":[3241.050091],"iteration":146,"passed_time":2.327994914,"remaining_time":13.50870518},
{"learn":[3238.117107],"iteration":147,"passed_time":2.342789311,"remaining_time":13.4868682},
{"learn":[3236.298772],"iteration":148,"passed_time":2.357059776,"remaining_time":13.46213335},
{"learn":[3233.958986],"iteration":149,"passed_time":2.371777475,"remaining_time":13.44007236},
{"learn":[3231.034531],"iteration":150,"passed_time":2.386602826,"remaining_time":13.4187139},
{"learn":[3224.384381],"iteration":151,"passed_time":2.402271784,"remaining_time":13.40214785},
{"learn":[3221.211087],"iteration":152,"passed_time":2.417532086,"remaining_time":13.38333122},
{"learn":[3217.488381],"iteration":153,"passed_time":2.43241285,"remaining_time":13.36247578},
{"learn":[3215.055857],"iteration":154,"passed_time":2.446750015,"remaining_time":13.33873395},
{"learn":[3211.615385],"iteration":155,"passed_time":2.469360247,"remaining_time":13.35987211},
{"learn":[3209.32227],"iteration":156,"passed_time":2.490973999,"remaining_time":13.37510243},
{"learn":[3205.948765],"iteration":157,"passed_time":2.511871139,"remaining_time":13.38604746},
{"learn":[3202.858381],"iteration":158,"passed_time":2.525997417,"remaining_time":13.36077879},
{"learn":[3200.804881],"iteration":159,"passed_time":2.540001675,"remaining_time":13.33500879},
{"learn":[3197.553709],"iteration":160,"passed_time":2.556492376,"remaining_time":13.32234226},
{"learn":[3195.656872],"iteration":161,"passed_time":2.570919799,"remaining_time":13.2989555},
{"learn":[3193.879957],"iteration":162,"passed_time":2.58630547,"remaining_time":13.28059925},
{"learn":[3192.380007],"iteration":163,"passed_time":2.601515233,"remaining_time":13.26138253},
{"learn":[3191.288747],"iteration":164,"passed_time":2.615802309,"remaining_time":13.23754502},
{"learn":[3186.564514],"iteration":165,"passed_time":2.631334774,"remaining_time":13.22007953},
{"learn":[3185.341719],"iteration":166,"passed_time":2.645163766,"remaining_time":13.19414022},
{"learn":[3183.594538],"iteration":167,"passed_time":2.659261328,"remaining_time":13.16967515},
{"learn":[3181.308701],"iteration":168,"passed_time":2.677953266,"remaining_time":13.16792405},
{"learn":[3177.918016],"iteration":169,"passed_time":2.704355136,"remaining_time":13.20361625},
{"learn":[3174.859498],"iteration":170,"passed_time":2.720835565,"remaining_time":13.19048353},
{"learn":[3173.066976],"iteration":171,"passed_time":2.734694185,"remaining_time":13.16469061},
{"learn":[3170.272972],"iteration":172,"passed_time":2.750080933,"remaining_time":13.14634064},
{"learn":[3167.277907],"iteration":173,"passed_time":2.765749352,"remaining_time":13.12936186},
{"learn":[3163.754271],"iteration":174,"passed_time":2.782290703,"remaining_time":13.11651331},
{"learn":[3160.180978],"iteration":175,"passed_time":2.797040402,"remaining_time":13.09523461},
{"learn":[3158.342144],"iteration":176,"passed_time":2.811737091,"remaining_time":13.0737832},
{"learn":[3155.727479],"iteration":177,"passed_time":2.827182708,"remaining_time":13.05586622},
{"learn":[3151.972122],"iteration":178,"passed_time":2.843686773,"remaining_time":13.04283151},
{"learn":[3149.987285],"iteration":179,"passed_time":2.859272539,"remaining_time":13.0255749},
{"learn":[3146.857965],"iteration":180,"passed_time":2.873910242,"remaining_time":13.0040469},
{"learn":[3142.698034],"iteration":181,"passed_time":2.898328871,"remaining_time":13.02655504},
{"learn":[3141.09017],"iteration":182,"passed_time":2.914517594,"remaining_time":13.01180806},
{"learn":[3137.474663],"iteration":183,"passed_time":2.930062815,"remaining_time":12.99419161},
{"learn":[3135.745076],"iteration":184,"passed_time":2.944120001,"remaining_time":12.97004216},
{"learn":[3133.518622],"iteration":185,"passed_time":2.958374693,"remaining_time":12.94686559},
{"learn":[3131.058839],"iteration":186,"passed_time":2.973677503,"remaining_time":12.92834123},
{"learn":[3130.095972],"iteration":187,"passed_time":2.987823838,"remaining_time":12.90485615},
{"learn":[3127.131933],"iteration":188,"passed_time":3.003157675,"remaining_time":12.88656547},
{"learn":[3121.284666],"iteration":189,"passed_time":3.018743509,"remaining_time":12.86938022},
{"learn":[3119.591715],"iteration":190,"passed_time":3.033097854,"remaining_time":12.84699562},
{"learn":[3117.55831],"iteration":191,"passed_time":3.047515291,"remaining_time":12.82496018},
{"learn":[3112.078115],"iteration":192,"passed_time":3.063269956,"remaining_time":12.8085951},
{"learn":[3108.116521],"iteration":193,"passed_time":3.084092842,"remaining_time":12.81329294},
{"learn":[3104.696004],"iteration":194,"passed_time":3.106994776,"remaining_time":12.82631177},
{"learn":[3102.998357],"iteration":195,"passed_time":3.123762386,"remaining_time":12.81380081},
{"learn":[3099.849202],"iteration":196,"passed_time":3.139399669,"remaining_time":12.79663926},
{"learn":[3096.552124],"iteration":197,"passed_time":3.154040267,"remaining_time":12.77545603},
{"learn":[3092.938316],"iteration":198,"passed_time":3.169338707,"remaining_time":12.75698645},
{"learn":[3092.099498],"iteration":199,"passed_time":3.183047224,"remaining_time":12.7321889},
{"learn":[3088.538553],"iteration":200,"passed_time":3.19821211,"remaining_time":12.71329092},
{"learn":[3086.545323],"iteration":201,"passed_time":3.212754051,"remaining_time":12.69196897},
{"learn":[3084.206145],"iteration":202,"passed_time":3.227127863,"remaining_time":12.67005373},
{"learn":[3081.242592],"iteration":203,"passed_time":3.243167546,"remaining_time":12.65471258},
{"learn":[3078.345212],"iteration":204,"passed_time":3.258074433,"remaining_time":12.63497158},
{"learn":[3076.232396],"iteration":205,"passed_time":3.271941627,"remaining_time":12.61127016},
{"learn":[3074.036034],"iteration":206,"passed_time":3.289794802,"remaining_time":12.60293371},
{"learn":[3071.78532],"iteration":207,"passed_time":3.313351665,"remaining_time":12.61622365},
{"learn":[3070.803432],"iteration":208,"passed_time":3.328551065,"remaining_time":12.59753058},
{"learn":[3065.537514],"iteration":209,"passed_time":3.344165921,"remaining_time":12.5804337},
{"learn":[3063.024295],"iteration":210,"passed_time":3.359886423,"remaining_time":12.56374591},
{"learn":[3060.206512],"iteration":211,"passed_time":3.37448919,"remaining_time":12.54291265},
{"learn":[3058.650302],"iteration":212,"passed_time":3.389757007,"remaining_time":12.52459514},
{"learn":[3056.806793],"iteration":213,"passed_time":3.404045685,"remaining_time":12.50270985},
{"learn":[3055.49073],"iteration":214,"passed_time":3.41793234,"remaining_time":12.47942738},
{"learn":[3053.838671],"iteration":215,"passed_time":3.431500319,"remaining_time":12.45507523},
{"learn":[3052.408484],"iteration":216,"passed_time":3.445772471,"remaining_time":12.43336334},
{"learn":[3050.978101],"iteration":217,"passed_time":3.460503564,"remaining_time":12.41336599},
{"learn":[3048.425038],"iteration":218,"passed_time":3.477013045,"remaining_time":12.39975885},
{"learn":[3047.179808],"iteration":219,"passed_time":3.499519062,"remaining_time":12.40738576},
{"learn":[3045.685266],"iteration":220,"passed_time":3.52052201,"remaining_time":12.40944184},
{"learn":[3045.082846],"iteration":221,"passed_time":3.534552099,"remaining_time":12.38685375},
{"learn":[3042.73796],"iteration":222,"passed_time":3.550046265,"remaining_time":12.36944371},
{"learn":[3041.588396],"iteration":223,"passed_time":3.564248003,"remaining_time":12.34757344},
{"learn":[3040.634897],"iteration":224,"passed_time":3.577986542,"remaining_time":12.32417587},
{"learn":[3038.412841],"iteration":225,"passed_time":3.59318474,"remaining_time":12.30586278},
{"learn":[3036.175],"iteration":226,"passed_time":3.60815505,"remaining_time":12.28680112},
{"learn":[3034.170187],"iteration":227,"passed_time":3.622737875,"remaining_time":12.26646333},
{"learn":[3032.551217],"iteration":228,"passed_time":3.637366021,"remaining_time":12.2463284},
{"learn":[3028.79891],"iteration":229,"passed_time":3.653112152,"remaining_time":12.22998416},
{"learn":[3027.191149],"iteration":230,"passed_time":3.667345236,"remaining_time":12.20860817},
{"learn":[3025.992534],"iteration":231,"passed_time":3.681269033,"remaining_time":12.1862699},
{"learn":[3024.151855],"iteration":232,"passed_time":3.696119464,"remaining_time":12.1670542},
{"learn":[3021.079586],"iteration":233,"passed_time":3.72215495,"remaining_time":12.18449014},
{"learn":[3020.106821],"iteration":234,"passed_time":3.738319618,"remaining_time":12.16942344},
{"learn":[3018.034811],"iteration":235,"passed_time":3.753082288,"remaining_time":12.14980876},
{"learn":[3016.404324],"iteration":236,"passed_time":3.768483408,"remaining_time":12.13229047},
{"learn":[3014.695754],"iteration":237,"passed_time":3.78311756,"remaining_time":12.11233437},
{"learn":[3013.151804],"iteration":238,"passed_time":3.797866867,"remaining_time":12.09278948},
{"learn":[3011.864258],"iteration":239,"passed_time":3.813043767,"remaining_time":12.0746386},
{"learn":[3010.141758],"iteration":240,"passed_time":3.827290186,"remaining_time":12.05358195},
{"learn":[3007.650195],"iteration":241,"passed_time":3.843284786,"remaining_time":12.03805731},
{"learn":[3005.629001],"iteration":242,"passed_time":3.858547854,"remaining_time":12.0202499},
{"learn":[3004.291696],"iteration":243,"passed_time":3.872562381,"remaining_time":11.99859492},
{"learn":[3003.214005],"iteration":244,"passed_time":3.886918327,"remaining_time":11.97805444},
{"learn":[3001.902529],"iteration":245,"passed_time":3.906215925,"remaining_time":11.9727106},
{"learn":[3001.303351],"iteration":246,"passed_time":3.927287707,"remaining_time":11.97266252},
{"learn":[3000.469632],"iteration":247,"passed_time":3.942301465,"remaining_time":11.95407541},
{"learn":[2998.655653],"iteration":248,"passed_time":3.956436682,"remaining_time":11.93286726},
{"learn":[2996.849489],"iteration":249,"passed_time":3.970901188,"remaining_time":11.91270357},
{"learn":[2995.166044],"iteration":250,"passed_time":3.986279863,"remaining_time":11.89531322},
{"learn":[2993.10683],"iteration":251,"passed_time":4.001516836,"remaining_time":11.87751823},
{"learn":[2992.055794],"iteration":252,"passed_time":4.015225804,"remaining_time":11.85523192},
{"learn":[2990.287178],"iteration":253,"passed_time":4.028730307,"remaining_time":11.83241263},
{"learn":[2989.21604],"iteration":254,"passed_time":4.043425845,"remaining_time":11.8131461},
{"learn":[2987.60561],"iteration":255,"passed_time":4.058429534,"remaining_time":11.79481083},
{"learn":[2986.280128],"iteration":256,"passed_time":4.072702465,"remaining_time":11.77438884},
{"learn":[2985.082981],"iteration":257,"passed_time":4.087197821,"remaining_time":11.7546542},
{"learn":[2983.284291],"iteration":258,"passed_time":4.100967196,"remaining_time":11.73288298},
{"learn":[2980.626023],"iteration":259,"passed_time":4.124028647,"remaining_time":11.73761999},
{"learn":[2979.11012],"iteration":260,"passed_time":4.143829179,"remaining_time":11.73291097},
{"learn":[2978.186655],"iteration":261,"passed_time":4.160009116,"remaining_time":11.71788827},
{"learn":[2976.181434],"iteration":262,"passed_time":4.175638961,"remaining_time":11.70131526},
{"learn":[2974.302661],"iteration":263,"passed_time":4.190622539,"remaining_time":11.68294768},
{"learn":[2972.81119],"iteration":264,"passed_time":4.204871785,"remaining_time":11.66256891},
{"learn":[2971.991301],"iteration":265,"passed_time":4.218673819,"remaining_time":11.64100219},
{"learn":[2971.620954],"iteration":266,"passed_time":4.231543759,"remaining_time":11.61693474},
{"learn":[2970.025984],"iteration":267,"passed_time":4.245548267,"remaining_time":11.59604975},
{"learn":[2969.230185],"iteration":268,"passed_time":4.259539354,"remaining_time":11.57517943},
{"learn":[2968.611831],"iteration":269,"passed_time":4.274219407,"remaining_time":11.55622284},
{"learn":[2968.052712],"iteration":270,"passed_time":4.287865974,"remaining_time":11.53451769},
{"learn":[2966.03222],"iteration":271,"passed_time":4.303305129,"remaining_time":11.51766961},
{"learn":[2964.321588],"iteration":272,"passed_time":4.318257536,"remaining_time":11.49953564},
{"learn":[2962.499139],"iteration":273,"passed_time":4.342558848,"remaining_time":11.50619607},
{"learn":[2961.50157],"iteration":274,"passed_time":4.360978444,"remaining_time":11.49712499},
{"learn":[2959.248391],"iteration":275,"passed_time":4.378364747,"remaining_time":11.48527564},
{"learn":[2958.719023],"iteration":276,"passed_time":4.392487144,"remaining_time":11.46486717},
{"learn":[2957.731696],"iteration":277,"passed_time":4.406947906,"remaining_time":11.44538269},
{"learn":[2957.228526],"iteration":278,"passed_time":4.42142981,"remaining_time":11.42598886},
{"learn":[2956.430851],"iteration":279,"passed_time":4.436230967,"remaining_time":11.40745106},
{"learn":[2954.715195],"iteration":280,"passed_time":4.45410646,"remaining_time":11.39680621},
{"learn":[2953.968581],"iteration":281,"passed_time":4.470608784,"remaining_time":11.38261385},
{"learn":[2953.404044],"iteration":282,"passed_time":4.484334925,"remaining_time":11.36137152},
{"learn":[2952.253927],"iteration":283,"passed_time":4.499165468,"remaining_time":11.34296646},
{"learn":[2951.363116],"iteration":284,"passed_time":4.513884532,"remaining_time":11.32430681},
{"learn":[2948.465767],"iteration":285,"passed_time":4.528915155,"remaining_time":11.30645252},
{"learn":[2946.630343],"iteration":286,"passed_time":4.54506526,"remaining_time":11.29139906},
{"learn":[2945.720634],"iteration":287,"passed_time":4.570422547,"remaining_time":11.29910019},
{"learn":[2945.175923],"iteration":288,"passed_time":4.587505923,"remaining_time":11.28621699},
{"learn":[2944.699792],"iteration":289,"passed_time":4.602289192,"remaining_time":11.26767354},
{"learn":[2943.238913],"iteration":290,"passed_time":4.61793065,"remaining_time":11.25124684},
{"learn":[2942.016895],"iteration":291,"passed_time":4.633291801,"remaining_time":11.23414587},
{"learn":[2940.262134],"iteration":292,"passed_time":4.649101719,"remaining_time":11.21813964},
{"learn":[2938.046482],"iteration":293,"passed_time":4.664322469,"remaining_time":11.20071994},
{"learn":[2937.409654],"iteration":294,"passed_time":4.678754567,"remaining_time":11.18143041},
{"learn":[2936.399773],"iteration":295,"passed_time":4.693364463,"remaining_time":11.16259656},
{"learn":[2935.168218],"iteration":296,"passed_time":4.708761918,"remaining_time":11.14565532},
{"learn":[2934.585613],"iteration":297,"passed_time":4.722502588,"remaining_time":11.12482153},
{"learn":[2931.756667],"iteration":298,"passed_time":4.737456937,"remaining_time":11.10688064},
{"learn":[2929.331363],"iteration":299,"passed_time":4.760539282,"remaining_time":11.10792499},
{"learn":[2927.656736],"iteration":300,"passed_time":4.78230707,"remaining_time":11.10575629},
{"learn":[2926.858613],"iteration":301,"passed_time":4.797675669,"remaining_time":11.0886676},
{"learn":[2926.221588],"iteration":302,"passed_time":4.812517228,"remaining_time":11.07037791},
{"learn":[2925.108423],"iteration":303,"passed_time":4.826710244,"remaining_time":11.05062609},
{"learn":[2923.619918],"iteration":304,"passed_time":4.841182126,"remaining_time":11.03154616},
{"learn":[2921.918097],"iteration":305,"passed_time":4.857276632,"remaining_time":11.01617641},
{"learn":[2919.272358],"iteration":306,"passed_time":4.872927554,"remaining_time":10.99980064},
{"learn":[2915.437923],"iteration":307,"passed_time":4.888663241,"remaining_time":10.98362001},
{"learn":[2914.622877],"iteration":308,"passed_time":4.902850559,"remaining_time":10.96397973},
{"learn":[2913.315626],"iteration":309,"passed_time":4.918513357,"remaining_time":10.94765876},
{"learn":[2912.187525],"iteration":310,"passed_time":4.932642175,"remaining_time":10.9279436},
{"learn":[2911.562225],"iteration":311,"passed_time":4.947106428,"remaining_time":10.90900392},
{"learn":[2910.380642],"iteration":312,"passed_time":4.965961694,"remaining_time":10.89973062},
{"learn":[2909.169512],"iteration":313,"passed_time":4.989120432,"remaining_time":10.89979814},
{"learn":[2907.850128],"iteration":314,"passed_time":5.005910594,"remaining_time":10.88586907},
{"learn":[2906.841299],"iteration":315,"passed_time":5.021807421,"remaining_time":10.86998822},
{"learn":[2904.952969],"iteration":316,"passed_time":5.037067592,"remaining_time":10.85273554},
{"learn":[2903.849991],"iteration":317,"passed_time":5.0514358,"remaining_time":10.83358244},
{"learn":[2903.242028],"iteration":318,"passed_time":5.065766901,"remaining_time":10.81438012},
{"learn":[2901.726205],"iteration":319,"passed_time":5.080913997,"remaining_time":10.79694224},
{"learn":[2900.455016],"iteration":320,"passed_time":5.096058504,"remaining_time":10.77951316},
{"learn":[2899.043166],"iteration":321,"passed_time":5.112254759,"remaining_time":10.76431281},
{"learn":[2896.80679],"iteration":322,"passed_time":5.127806874,"remaining_time":10.7477562},
{"learn":[2896.132137],"iteration":323,"passed_time":5.142549675,"remaining_time":10.72951722},
{"learn":[2894.745273],"iteration":324,"passed_time":5.158841706,"remaining_time":10.71451739},
{"learn":[2894.28885],"iteration":325,"passed_time":5.180197085,"remaining_time":10.70997802},
{"learn":[2893.222078],"iteration":326,"passed_time":5.203444345,"remaining_time":10.70922949},
{"learn":[2892.001391],"iteration":327,"passed_time":5.218575492,"remaining_time":10.69171564},
{"learn":[2891.435049],"iteration":328,"passed_time":5.233093292,"remaining_time":10.67296535},
{"learn":[2890.851197],"iteration":329,"passed_time":5.24711869,"remaining_time":10.65324098},
{"learn":[2890.293589],"iteration":330,"passed_time":5.260754475,"remaining_time":10.63276358},
{"learn":[2889.05881],"iteration":331,"passed_time":5.276479402,"remaining_time":10.61653084},
{"learn":[2886.957687],"iteration":332,"passed_time":5.291434219,"remaining_time":10.59875863},
{"learn":[2886.393857],"iteration":333,"passed_time":5.305790978,"remaining_time":10.57981075},
{"learn":[2885.823755],"iteration":334,"passed_time":5.320851154,"remaining_time":10.56228662},
{"learn":[2884.335457],"iteration":335,"passed_time":5.335631672,"remaining_time":10.54422449},
{"learn":[2883.795152],"iteration":336,"passed_time":5.349290643,"remaining_time":10.52397536},
{"learn":[2883.139786],"iteration":337,"passed_time":5.364162211,"remaining_time":10.50614019},
{"learn":[2882.31903],"iteration":338,"passed_time":5.377917034,"remaining_time":10.48614501},
{"learn":[2881.17483],"iteration":339,"passed_time":5.402428936,"remaining_time":10.48706793},
{"learn":[2880.43949],"iteration":340,"passed_time":5.421272967,"remaining_time":10.47688823},
{"learn":[2879.873411],"iteration":341,"passed_time":5.439363174,"remaining_time":10.46520751},
{"learn":[2878.49062],"iteration":342,"passed_time":5.454216572,"remaining_time":10.44728947},
{"learn":[2877.494635],"iteration":343,"passed_time":5.468809156,"remaining_time":10.42889188},
{"learn":[2877.12993],"iteration":344,"passed_time":5.482684326,"remaining_time":10.4091543},
{"learn":[2875.726276],"iteration":345,"passed_time":5.498121575,"remaining_time":10.39240321},
{"learn":[2874.443943],"iteration":346,"passed_time":5.513061714,"remaining_time":10.3747242},
{"learn":[2873.468336],"iteration":347,"passed_time":5.528312033,"remaining_time":10.35764208},
{"learn":[2873.065264],"iteration":348,"passed_time":5.542125235,"remaining_time":10.33788976},
{"learn":[2872.46833],"iteration":349,"passed_time":5.556199214,"remaining_time":10.31865568},
{"learn":[2871.603474],"iteration":350,"passed_time":5.570172222,"remaining_time":10.29926431},
{"learn":[2870.369913],"iteration":351,"passed_time":5.594369435,"remaining_time":10.29872555},
{"learn":[2869.3974],"iteration":352,"passed_time":5.611394178,"remaining_time":10.28490661},
{"learn":[2868.310024],"iteration":353,"passed_time":5.626436932,"remaining_time":10.26745271},
{"learn":[2867.854862],"iteration":354,"passed_time":5.64095974,"remaining_time":10.2490677},
{"learn":[2867.555341],"iteration":355,"passed_time":5.654830751,"remaining_time":10.22952529},
{"learn":[2865.265287],"iteration":356,"passed_time":5.669156167,"remaining_time":10.2108331},
{"learn":[2864.94125],"iteration":357,"passed_time":5.684975942,"remaining_time":10.19484513},
{"learn":[2862.942265],"iteration":358,"passed_time":5.701742764,"remaining_time":10.18054906},
{"learn":[2862.300263],"iteration":359,"passed_time":5.715356863,"remaining_time":10.16063442},
{"learn":[2861.725816],"iteration":360,"passed_time":5.729594819,"remaining_time":10.14185897},
{"learn":[2861.19886],"iteration":361,"passed_time":5.743102236,"remaining_time":10.12182107},
{"learn":[2860.123939],"iteration":362,"passed_time":5.757222489,"remaining_time":10.10289456},
{"learn":[2859.281865],"iteration":363,"passed_time":5.771782915,"remaining_time":10.08476355},
{"learn":[2858.571512],"iteration":364,"passed_time":5.785901991,"remaining_time":10.06588429},
{"learn":[2857.128364],"iteration":365,"passed_time":5.807118682,"remaining_time":10.0593258},
{"learn":[2854.62612],"iteration":366,"passed_time":5.829110273,"remaining_time":10.05402399},
{"learn":[2852.950425],"iteration":367,"passed_time":5.846443869,"remaining_time":10.04063186},
{"learn":[2852.512665],"iteration":368,"passed_time":5.860613911,"remaining_time":10.02180861},
{"learn":[2851.579096],"iteration":369,"passed_time":5.876335,"remaining_time":10.00565149},
{"learn":[2850.761234],"iteration":370,"passed_time":5.890951154,"remaining_time":9.987623385},
{"learn":[2849.693994],"iteration":371,"passed_time":5.906651422,"remaining_time":9.971443798},
{"learn":[2848.573236],"iteration":372,"passed_time":5.921424604,"remaining_time":9.953708382},
{"learn":[2846.668728],"iteration":373,"passed_time":5.937805845,"remaining_time":9.938680372},
{"learn":[2845.960411],"iteration":374,"passed_time":5.951573067,"remaining_time":9.919288445},
{"learn":[2844.649744],"iteration":375,"passed_time":5.966887185,"remaining_time":9.902493626},
{"learn":[2844.076809],"iteration":376,"passed_time":5.980855538,"remaining_time":9.88348276},
{"learn":[2843.584544],"iteration":377,"passed_time":5.995464541,"remaining_time":9.865552764},
{"learn":[2842.818437],"iteration":378,"passed_time":6.014042773,"remaining_time":9.854143964},
{"learn":[2842.160995],"iteration":379,"passed_time":6.036995789,"remaining_time":9.849835234},
{"learn":[2840.821763],"iteration":380,"passed_time":6.053307852,"remaining_time":9.834639266},
{"learn":[2840.254349],"iteration":381,"passed_time":6.06722115,"remaining_time":9.81555673},
{"learn":[2838.957674],"iteration":382,"passed_time":6.082745849,"remaining_time":9.799097099},
{"learn":[2838.432604],"iteration":383,"passed_time":6.096428575,"remaining_time":9.779687506},
{"learn":[2837.019645],"iteration":384,"passed_time":6.111072999,"remaining_time":9.761843882},
{"learn":[2836.087223],"iteration":385,"passed_time":6.126117249,"remaining_time":9.744652827},
{"learn":[2835.7754],"iteration":386,"passed_time":6.139828279,"remaining_time":9.725361072},
{"learn":[2834.697611],"iteration":387,"passed_time":6.155018039,"remaining_time":9.708430516},
{"learn":[2834.308373],"iteration":388,"passed_time":6.169722601,"remaining_time":9.69074681},
{"learn":[2833.799787],"iteration":389,"passed_time":6.184263031,"remaining_time":9.672821664},
{"learn":[2833.452823],"iteration":390,"passed_time":6.198344235,"remaining_time":9.654198565},
{"learn":[2832.313591],"iteration":391,"passed_time":6.214734388,"remaining_time":9.639179866},
{"learn":[2830.792481],"iteration":392,"passed_time":6.241250508,"remaining_time":9.639794041},
{"learn":[2829.73617],"iteration":393,"passed_time":6.25793443,"remaining_time":9.62514788},
{"learn":[2828.483843],"iteration":394,"passed_time":6.273800678,"remaining_time":9.609239014},
{"learn":[2827.223226],"iteration":395,"passed_time":6.288843792,"remaining_time":9.592074875},
{"learn":[2826.483657],"iteration":396,"passed_time":6.303768382,"remaining_time":9.574741396},
{"learn":[2825.874851],"iteration":397,"passed_time":6.31735389,"remaining_time":9.555394577},
{"learn":[2825.273603],"iteration":398,"passed_time":6.332097282,"remaining_time":9.537820718},
{"learn":[2822.913715],"iteration":399,"passed_time":6.347096384,"remaining_time":9.520644577},
{"learn":[2821.495773],"iteration":400,"passed_time":6.361650868,"remaining_time":9.502815137},
{"learn":[2820.037937],"iteration":401,"passed_time":6.376114483,"remaining_time":9.484866818},
{"learn":[2819.54343],"iteration":402,"passed_time":6.390420983,"remaining_time":9.466703045},
{"learn":[2818.310786],"iteration":403,"passed_time":6.405875277,"remaining_time":9.450251646},
{"learn":[2816.147388],"iteration":404,"passed_time":6.433404687,"remaining_time":9.451545157},
{"learn":[2814.545508],"iteration":405,"passed_time":6.455042141,"remaining_time":9.444076433},
{"learn":[2813.582078],"iteration":406,"passed_time":6.469516774,"remaining_time":9.426101836},
{"learn":[2812.24845],"iteration":407,"passed_time":6.485117992,"remaining_time":9.409779047},
{"learn":[2811.342583],"iteration":408,"passed_time":6.499540023,"remaining_time":9.391755877},
{"learn":[2810.519109],"iteration":409,"passed_time":6.514219236,"remaining_time":9.374120364},
{"learn":[2809.082023],"iteration":410,"passed_time":6.530596874,"remaining_time":9.358933233},
{"learn":[2808.851762],"iteration":411,"passed_time":6.545646122,"remaining_time":9.341844466},
{"learn":[2807.917205],"iteration":412,"passed_time":6.561258079,"remaining_time":9.325565357},
{"learn":[2807.107276],"iteration":413,"passed_time":6.575608697,"remaining_time":9.307504097},
{"learn":[2806.401008],"iteration":414,"passed_time":6.589547743,"remaining_time":9.288880553},
{"learn":[2803.882723],"iteration":415,"passed_time":6.604882409,"remaining_time":9.272238766},
{"learn":[2803.383134],"iteration":416,"passed_time":6.619152468,"remaining_time":9.254114842},
{"learn":[2802.164784],"iteration":417,"passed_time":6.633985537,"remaining_time":9.23679326},
{"learn":[2801.076865],"iteration":418,"passed_time":6.659954459,"remaining_time":9.234924917},
{"learn":[2800.300866],"iteration":419,"passed_time":6.67631921,"remaining_time":9.219678909},
{"learn":[2799.936133],"iteration":420,"passed_time":6.692402138,"remaining_time":9.204039995},
{"learn":[2799.612856],"iteration":421,"passed_time":6.707081858,"remaining_time":9.186477047},
{"learn":[2798.988188],"iteration":422,"passed_time":6.72171066,"remaining_time":9.168858276},
{"learn":[2797.908634],"iteration":423,"passed_time":6.737275024,"remaining_time":9.152524561},
{"learn":[2797.478004],"iteration":424,"passed_time":6.751827514,"remaining_time":9.13482546},
{"learn":[2796.25323],"iteration":425,"passed_time":6.766863898,"remaining_time":9.11779314},
{"learn":[2795.274078],"iteration":426,"passed_time":6.781768664,"remaining_time":9.100593547},
{"learn":[2794.800617],"iteration":427,"passed_time":6.79587053,"remaining_time":9.082331643},
{"learn":[2794.467208],"iteration":428,"passed_time":6.809463306,"remaining_time":9.063411533},
{"learn":[2794.250989],"iteration":429,"passed_time":6.823184438,"remaining_time":9.044686348},
{"learn":[2793.700938],"iteration":430,"passed_time":6.840743748,"remaining_time":9.03105149},
{"learn":[2793.183375],"iteration":431,"passed_time":6.867240228,"remaining_time":9.029149188},
{"learn":[2792.06818],"iteration":432,"passed_time":6.883835316,"remaining_time":9.014167723},
{"learn":[2791.83947],"iteration":433,"passed_time":6.898716386,"remaining_time":8.996943489},
{"learn":[2791.004915],"iteration":434,"passed_time":6.914766201,"remaining_time":8.981248055},
{"learn":[2790.178349],"iteration":435,"passed_time":6.928860346,"remaining_time":8.963021181},
{"learn":[2789.060483],"iteration":436,"passed_time":6.94536235,"remaining_time":8.947915339},
{"learn":[2787.581078],"iteration":437,"passed_time":6.961779396,"remaining_time":8.932694111},
{"learn":[2786.616288],"iteration":438,"passed_time":6.976550543,"remaining_time":8.915364134},
{"learn":[2785.564606],"iteration":439,"passed_time":6.991077456,"remaining_time":8.897734945},
{"learn":[2784.643425],"iteration":440,"passed_time":7.006574294,"remaining_time":8.881349275},
{"learn":[2783.679537],"iteration":441,"passed_time":7.020820527,"remaining_time":8.86338881},
{"learn":[2782.559744],"iteration":442,"passed_time":7.035655882,"remaining_time":8.846185838},
{"learn":[2781.53694],"iteration":443,"passed_time":7.060798,"remaining_time":8.841900198},
{"learn":[2781.091222],"iteration":444,"passed_time":7.07983258,"remaining_time":8.829903555},
{"learn":[2780.656642],"iteration":445,"passed_time":7.096703163,"remaining_time":8.815187337},
{"learn":[2779.809847],"iteration":446,"passed_time":7.112256285,"remaining_time":8.798831601},
{"learn":[2779.344481],"iteration":447,"passed_time":7.12738534,"remaining_time":8.781956937},
{"learn":[2778.84349],"iteration":448,"passed_time":7.144444888,"remaining_time":8.767459094},
{"learn":[2777.650432],"iteration":449,"passed_time":7.160613514,"remaining_time":8.751860961},
{"learn":[2777.426642],"iteration":450,"passed_time":7.174675238,"remaining_time":8.733695578},
{"learn":[2777.182089],"iteration":451,"passed_time":7.188518989,"remaining_time":8.715284085},
{"learn":[2776.905942],"iteration":452,"passed_time":7.202376722,"remaining_time":8.69690964},
{"learn":[2776.182169],"iteration":453,"passed_time":7.21648054,"remaining_time":8.678851046},
{"learn":[2774.472196],"iteration":454,"passed_time":7.231409036,"remaining_time":8.661797637},
{"learn":[2774.035086],"iteration":455,"passed_time":7.245985859,"remaining_time":8.644334008},
{"learn":[2773.354428],"iteration":456,"passed_time":7.261742659,"remaining_time":8.628285041},
{"learn":[2773.165533],"iteration":457,"passed_time":7.286568273,"remaining_time":8.622969441},
{"learn":[2772.220519],"iteration":458,"passed_time":7.304688945,"remaining_time":8.609666055},
{"learn":[2771.844296],"iteration":459,"passed_time":7.318633573,"remaining_time":8.591439412},
{"learn":[2771.377412],"iteration":460,"passed_time":7.333700862,"remaining_time":8.574543958},
{"learn":[2770.619472],"iteration":461,"passed_time":7.348941748,"remaining_time":8.557858572},
{"learn":[2770.164393],"iteration":462,"passed_time":7.36470334,"remaining_time":8.541783356},
{"learn":[2769.268107],"iteration":463,"passed_time":7.381775126,"remaining_time":8.52722299},
{"learn":[2768.678512],"iteration":464,"passed_time":7.399780799,"remaining_time":8.513726295},
{"learn":[2767.958731],"iteration":465,"passed_time":7.41554274,"remaining_time":8.497639105},
{"learn":[2767.670892],"iteration":466,"passed_time":7.429426417,"remaining_time":8.479409594},
{"learn":[2767.086098],"iteration":467,"passed_time":7.443338246,"remaining_time":8.461230655},
{"learn":[2766.460485],"iteration":468,"passed_time":7.457732063,"remaining_time":8.44361562},
{"learn":[2765.950539],"iteration":469,"passed_time":7.480073102,"remaining_time":8.434976051},
{"learn":[2765.584298],"iteration":470,"passed_time":7.502569993,"remaining_time":8.426453347},
{"learn":[2764.383461],"iteration":471,"passed_time":7.517706059,"remaining_time":8.409637286},
{"learn":[2763.886118],"iteration":472,"passed_time":7.53260981,"remaining_time":8.392569493},
{"learn":[2763.373838],"iteration":473,"passed_time":7.546552866,"remaining_time":8.374444742},
{"learn":[2762.484924],"iteration":474,"passed_time":7.56148227,"remaining_time":8.357427772},
{"learn":[2761.593289],"iteration":475,"passed_time":7.57632144,"remaining_time":8.34032024},
{"learn":[2760.838633],"iteration":476,"passed_time":7.591080427,"remaining_time":8.323134304},
{"learn":[2760.182822],"iteration":477,"passed_time":7.6052466,"remaining_time":8.305311141},
{"learn":[2759.391908],"iteration":478,"passed_time":7.620113529,"remaining_time":8.288265446},
{"learn":[2759.029168],"iteration":479,"passed_time":7.634814018,"remaining_time":8.27104852},
{"learn":[2758.46248],"iteration":480,"passed_time":7.649896893,"remaining_time":8.254254651},
{"learn":[2758.197329],"iteration":481,"passed_time":7.663962036,"remaining_time":8.236374138},
{"learn":[2757.11134],"iteration":482,"passed_time":7.6784329,"remaining_time":8.218943705},
{"learn":[2756.181974],"iteration":483,"passed_time":7.702088215,"remaining_time":8.211317188},
{"learn":[2755.778396],"iteration":484,"passed_time":7.720509215,"remaining_time":8.198066486},
{"learn":[2755.453856],"iteration":485,"passed_time":7.736710178,"remaining_time":8.182446567},
{"learn":[2754.553554],"iteration":486,"passed_time":7.751867159,"remaining_time":8.165724543},
{"learn":[2753.87113],"iteration":487,"passed_time":7.766407498,"remaining_time":8.148361965},
{"learn":[2753.453974],"iteration":488,"passed_time":7.780195846,"remaining_time":8.130225107},
{"learn":[2753.054672],"iteration":489,"passed_time":7.793946074,"remaining_time":8.112066322},
{"learn":[2751.967452],"iteration":490,"passed_time":7.810852592,"remaining_time":8.097197493},
{"learn":[2751.308482],"iteration":491,"passed_time":7.825457603,"remaining_time":8.079944029},
{"learn":[2750.726308],"iteration":492,"passed_time":7.8428991,"remaining_time":8.065618344},
{"learn":[2749.572863],"iteration":493,"passed_time":7.85764588,"remaining_time":8.048519869},
{"learn":[2749.292352],"iteration":494,"passed_time":7.870244518,"remaining_time":8.029239357},
{"learn":[2748.199904],"iteration":495,"passed_time":7.885579299,"remaining_time":8.012766062},
{"learn":[2747.869211],"iteration":496,"passed_time":7.900232009,"remaining_time":7.995607044},
{"learn":[2746.350582],"iteration":497,"passed_time":7.9284252,"remaining_time":7.992107331},
{"learn":[2746.094049],"iteration":498,"passed_time":7.945155308,"remaining_time":7.976999618},
{"learn":[2745.615495],"iteration":499,"passed_time":7.959047727,"remaining_time":7.959047727},
{"learn":[2744.807497],"iteration":500,"passed_time":7.972558145,"remaining_time":7.940731566},
{"learn":[2744.506314],"iteration":501,"passed_time":7.986154406,"remaining_time":7.92251971},
{"learn":[2743.616888],"iteration":502,"passed_time":8.002660763,"remaining_time":7.907201589},
{"learn":[2742.756265],"iteration":503,"passed_time":8.017690372,"remaining_time":7.890425445},
{"learn":[2742.512367],"iteration":504,"passed_time":8.031094137,"remaining_time":7.87206257},
{"learn":[2741.618293],"iteration":505,"passed_time":8.046216807,"remaining_time":7.855397436},
{"learn":[2740.876283],"iteration":506,"passed_time":8.061298466,"remaining_time":7.838698508},
{"learn":[2740.333696],"iteration":507,"passed_time":8.076117934,"remaining_time":7.821752015},
{"learn":[2739.547332],"iteration":508,"passed_time":8.09054892,"remaining_time":7.804439135},
{"learn":[2738.891653],"iteration":509,"passed_time":8.110561907,"remaining_time":7.792500656},
{"learn":[2738.445925],"iteration":510,"passed_time":8.13206217,"remaining_time":7.781953819},
{"learn":[2738.050524],"iteration":511,"passed_time":8.147298999,"remaining_time":7.765394358},
{"learn":[2736.18389],"iteration":512,"passed_time":8.163262195,"remaining_time":7.749529608},
{"learn":[2735.775549],"iteration":513,"passed_time":8.177604704,"remaining_time":7.732132074},
{"learn":[2735.381371],"iteration":514,"passed_time":8.191859483,"remaining_time":7.714663785},
{"learn":[2734.668173],"iteration":515,"passed_time":8.206117607,"remaining_time":7.697211088},
{"learn":[2733.950633],"iteration":516,"passed_time":8.221128224,"remaining_time":7.680473757},
{"learn":[2733.42277],"iteration":517,"passed_time":8.235518212,"remaining_time":7.663165595},
{"learn":[2732.60046],"iteration":518,"passed_time":8.249608313,"remaining_time":7.645590749},
{"learn":[2731.329642],"iteration":519,"passed_time":8.264568063,"remaining_time":7.628832058},
{"learn":[2730.903756],"iteration":520,"passed_time":8.279938041,"remaining_time":7.612457431},
{"learn":[2730.091001],"iteration":521,"passed_time":8.295037247,"remaining_time":7.595838705},
{"learn":[2729.496028],"iteration":522,"passed_time":8.310180034,"remaining_time":7.579265538},
{"learn":[2729.123059],"iteration":523,"passed_time":8.333896288,"remaining_time":7.570485941},
{"learn":[2728.564481],"iteration":524,"passed_time":8.350749234,"remaining_time":7.555439784},
{"learn":[2726.193637],"iteration":525,"passed_time":8.3683827,"remaining_time":7.541090114},
{"learn":[2725.05558],"iteration":526,"passed_time":8.386581902,"remaining_time":7.527235749},
{"learn":[2724.114811],"iteration":527,"passed_time":8.402950802,"remaining_time":7.511728748},
{"learn":[2723.669891],"iteration":528,"passed_time":8.417269911,"remaining_time":7.494393437},
{"learn":[2723.074849],"iteration":529,"passed_time":8.433102301,"remaining_time":7.478411474},
{"learn":[2722.340439],"iteration":530,"passed_time":8.447682582,"remaining_time":7.461324164},
{"learn":[2721.943595],"iteration":531,"passed_time":8.462320144,"remaining_time":7.444296668},
{"learn":[2721.288697],"iteration":532,"passed_time":8.477772374,"remaining_time":7.42799193},
{"learn":[2720.646821],"iteration":533,"passed_time":8.492684307,"remaining_time":7.41121889},
{"learn":[2720.167421],"iteration":534,"passed_time":8.507177107,"remaining_time":7.394088514},
{"learn":[2719.391298],"iteration":535,"passed_time":8.532027957,"remaining_time":7.385934649},
{"learn":[2718.627087],"iteration":536,"passed_time":8.550423239,"remaining_time":7.372152625},
{"learn":[2717.724626],"iteration":537,"passed_time":8.565911338,"remaining_time":7.355856948},
{"learn":[2717.295448],"iteration":538,"passed_time":8.580471936,"remaining_time":7.338770988},
{"learn":[2716.419324],"iteration":539,"passed_time":8.595872747,"remaining_time":7.322410117},
{"learn":[2716.113122],"iteration":540,"passed_time":8.610223878,"remaining_time":7.305162218},
{"learn":[2715.402636],"iteration":541,"passed_time":8.626138636,"remaining_time":7.289246301},
{"learn":[2714.966797],"iteration":542,"passed_time":8.640757844,"remaining_time":7.272240027},
{"learn":[2714.526533],"iteration":543,"passed_time":8.654484731,"remaining_time":7.254494554},
{"learn":[2714.155731],"iteration":544,"passed_time":8.668246451,"remaining_time":7.236792908},
{"learn":[2713.451667],"iteration":545,"passed_time":8.682741346,"remaining_time":7.219715332},
{"learn":[2712.785369],"iteration":546,"passed_time":8.69684353,"remaining_time":7.202321973},
{"learn":[2711.904651],"iteration":547,"passed_time":8.716051674,"remaining_time":7.189152111},
{"learn":[2711.654737],"iteration":548,"passed_time":8.738392413,"remaining_time":7.178533658},
{"learn":[2711.209706],"iteration":549,"passed_time":8.753923171,"remaining_time":7.162300776},
{"learn":[2710.604704],"iteration":550,"passed_time":8.769038572,"remaining_time":7.145731976},
{"learn":[2710.135284],"iteration":551,"passed_time":8.784097437,"remaining_time":7.129122557},
{"learn":[2709.461169],"iteration":552,"passed_time":8.798584085,"remaining_time":7.112056213},
{"learn":[2709.001603],"iteration":553,"passed_time":8.812681305,"remaining_time":7.094685672},
{"learn":[2708.691082],"iteration":554,"passed_time":8.826705653,"remaining_time":7.077268496},
{"learn":[2708.070813],"iteration":555,"passed_time":8.841754271,"remaining_time":7.060681468},
{"learn":[2707.270136],"iteration":556,"passed_time":8.858141632,"remaining_time":7.045164709},
{"learn":[2706.590705],"iteration":557,"passed_time":8.873268187,"remaining_time":7.028646127},
{"learn":[2706.06188],"iteration":558,"passed_time":8.888880187,"remaining_time":7.012515497},
{"learn":[2705.49883],"iteration":559,"passed_time":8.903477249,"remaining_time":6.995589267},
{"learn":[2704.089528],"iteration":560,"passed_time":8.925039443,"remaining_time":6.984121774},
{"learn":[2703.511755],"iteration":561,"passed_time":8.948182716,"remaining_time":6.973850586},
{"learn":[2702.851407],"iteration":562,"passed_time":8.965013403,"remaining_time":6.958633849},
{"learn":[2702.505487],"iteration":563,"passed_time":8.979601152,"remaining_time":6.941677487},
{"learn":[2701.713608],"iteration":564,"passed_time":8.994681749,"remaining_time":6.925108957},
{"learn":[2700.798046],"iteration":565,"passed_time":9.009798969,"remaining_time":6.908573768},
{"learn":[2698.810174],"iteration":566,"passed_time":9.026042545,"remaining_time":6.892903742},
{"learn":[2697.748097],"iteration":567,"passed_time":9.04128505,"remaining_time":6.87647032},
{"learn":[2697.287415],"iteration":568,"passed_time":9.056122404,"remaining_time":6.859734193},
{"learn":[2697.098494],"iteration":569,"passed_time":9.069232972,"remaining_time":6.841702066},
{"learn":[2696.524491],"iteration":570,"passed_time":9.083979956,"remaining_time":6.82491664},
{"learn":[2695.856668],"iteration":571,"passed_time":9.098155788,"remaining_time":6.807710975},
{"learn":[2694.989668],"iteration":572,"passed_time":9.112919238,"remaining_time":6.790953778},
{"learn":[2694.413371],"iteration":573,"passed_time":9.132438819,"remaining_time":6.777733339},
{"learn":[2694.162647],"iteration":574,"passed_time":9.156667654,"remaining_time":6.767971744},
{"learn":[2693.801856],"iteration":575,"passed_time":9.172410685,"remaining_time":6.751913421},
{"learn":[2693.465653],"iteration":576,"passed_time":9.186488922,"remaining_time":6.734635726},
{"learn":[2692.902741],"iteration":577,"passed_time":9.201014715,"remaining_time":6.717695865},
{"learn":[2692.590523],"iteration":578,"passed_time":9.214977972,"remaining_time":6.700355313},
{"learn":[2692.255222],"iteration":579,"passed_time":9.228676934,"remaining_time":6.682835021},
{"learn":[2691.920301],"iteration":580,"passed_time":9.243112207,"remaining_time":6.665858889},
{"learn":[2691.527956],"iteration":581,"passed_time":9.257550568,"remaining_time":6.648893707},
{"learn":[2691.358101],"iteration":582,"passed_time":9.271452724,"remaining_time":6.631553664},
{"learn":[2690.495699],"iteration":583,"passed_time":9.287118888,"remaining_time":6.615481948},
{"learn":[2689.955267],"iteration":584,"passed_time":9.302094869,"remaining_time":6.598922001},
{"learn":[2689.764731],"iteration":585,"passed_time":9.316920252,"remaining_time":6.582261065},
{"learn":[2689.00694],"iteration":586,"passed_time":9.333790706,"remaining_time":6.56704525},
{"learn":[2688.280965],"iteration":587,"passed_time":9.365391718,"remaining_time":6.562145218},
{"learn":[2687.927583],"iteration":588,"passed_time":9.381046324,"remaining_time":6.546027231},
{"learn":[2687.435451],"iteration":589,"passed_time":9.397531247,"remaining_time":6.530487816},
{"learn":[2686.980862],"iteration":590,"passed_time":9.412569243,"remaining_time":6.513943859},
{"learn":[2686.400661],"iteration":591,"passed_time":9.426983396,"remaining_time":6.496975043},
{"learn":[2686.178556],"iteration":592,"passed_time":9.441306906,"remaining_time":6.479952632},
{"learn":[2685.518966],"iteration":593,"passed_time":9.4561777,"remaining_time":6.463313378},
{"learn":[2685.187658],"iteration":594,"passed_time":9.470655527,"remaining_time":6.446412585},
{"learn":[2684.77448],"iteration":595,"passed_time":9.485743989,"remaining_time":6.429933845},
{"learn":[2684.373514],"iteration":596,"passed_time":9.498664479,"remaining_time":6.41199629},
{"learn":[2683.910625],"iteration":597,"passed_time":9.51342746,"remaining_time":6.395314112},
{"learn":[2683.493979],"iteration":598,"passed_time":9.527781785,"remaining_time":6.378364768},
{"learn":[2683.233564],"iteration":599,"passed_time":9.548191178,"remaining_time":6.365460786},
{"learn":[2682.435343],"iteration":600,"passed_time":9.570146439,"remaining_time":6.353558118},
{"learn":[2682.284949],"iteration":601,"passed_time":9.585851346,"remaining_time":6.337489761},
{"learn":[2682.171332],"iteration":602,"passed_time":9.598928426,"remaining_time":6.319692513},
{"learn":[2681.803564],"iteration":603,"passed_time":9.613659648,"remaining_time":6.302995399},
{"learn":[2681.273344],"iteration":604,"passed_time":9.628347041,"remaining_time":6.286276168},
{"learn":[2680.559547],"iteration":605,"passed_time":9.643217553,"remaining_time":6.269682699},
{"learn":[2680.143744],"iteration":606,"passed_time":9.660144984,"remaining_time":6.254426653},
{"learn":[2679.774653],"iteration":607,"passed_time":9.676646801,"remaining_time":6.2388907},
{"learn":[2678.878225],"iteration":608,"passed_time":9.692632884,"remaining_time":6.223020456},
{"learn":[2678.632972],"iteration":609,"passed_time":9.710084689,"remaining_time":6.208086932},
{"learn":[2678.309031],"iteration":610,"passed_time":9.724127467,"remaining_time":6.19097477},
{"learn":[2678.091756],"iteration":611,"passed_time":9.737710656,"remaining_time":6.173581266},
{"learn":[2677.455476],"iteration":612,"passed_time":9.758975575,"remaining_time":6.161049833},
{"learn":[2677.216806],"iteration":613,"passed_time":9.781871253,"remaining_time":6.149515153},
{"learn":[2676.756136],"iteration":614,"passed_time":9.797109126,"remaining_time":6.133149615},
{"learn":[2676.363256],"iteration":615,"passed_time":9.811020432,"remaining_time":6.115960789},
{"learn":[2675.703299],"iteration":616,"passed_time":9.826662499,"remaining_time":6.099856948},
{"learn":[2675.363149],"iteration":617,"passed_time":9.842199578,"remaining_time":6.083689707},
{"learn":[2675.048797],"iteration":618,"passed_time":9.855768867,"remaining_time":6.066313309},
{"learn":[2674.570365],"iteration":619,"passed_time":9.870547347,"remaining_time":6.049690309},
{"learn":[2674.072581],"iteration":620,"passed_time":9.88506455,"remaining_time":6.032913791},
{"learn":[2673.915928],"iteration":621,"passed_time":9.899499809,"remaining_time":6.016094739},
{"learn":[2673.212364],"iteration":622,"passed_time":9.914628203,"remaining_time":5.999702781},
{"learn":[2672.569992],"iteration":623,"passed_time":9.929929992,"remaining_time":5.983419354},
{"learn":[2671.690017],"iteration":624,"passed_time":9.944774521,"remaining_time":5.966864713},
{"learn":[2671.411615],"iteration":625,"passed_time":9.961208638,"remaining_time":5.951265224},
{"learn":[2670.949178],"iteration":626,"passed_time":9.98726872,"remaining_time":5.941389526},
{"learn":[2670.694344],"iteration":627,"passed_time":10.00391632,"remaining_time":5.925886736},
{"learn":[2670.037095],"iteration":628,"passed_time":10.01976519,"remaining_time":5.909909195},
{"learn":[2669.679069],"iteration":629,"passed_time":10.03393429,"remaining_time":5.892945538},
{"learn":[2669.467748],"iteration":630,"passed_time":10.04843694,"remaining_time":5.876185788},
{"learn":[2669.108471],"iteration":631,"passed_time":10.06313816,"remaining_time":5.859548801},
{"learn":[2668.678975],"iteration":632,"passed_time":10.07851408,"remaining_time":5.843309112},
{"learn":[2668.315799],"iteration":633,"passed_time":10.09231832,"remaining_time":5.826164833},
{"learn":[2668.102437],"iteration":634,"passed_time":10.10688158,"remaining_time":5.809467367},
{"learn":[2667.624071],"iteration":635,"passed_time":10.12167631,"remaining_time":5.792909083},
{"learn":[2666.01775],"iteration":636,"passed_time":10.1374014,"remaining_time":5.776886514},
{"learn":[2665.496007],"iteration":637,"passed_time":10.15191742,"remaining_time":5.760178847},
{"learn":[2664.854625],"iteration":638,"passed_time":10.17146844,"remaining_time":5.746322543},
{"learn":[2664.658064],"iteration":639,"passed_time":10.19510376,"remaining_time":5.734745867},
{"learn":[2664.118446],"iteration":640,"passed_time":10.21070479,"remaining_time":5.718631857},
{"learn":[2663.958112],"iteration":641,"passed_time":10.22556267,"remaining_time":5.702105038},
{"learn":[2663.382959],"iteration":642,"passed_time":10.24074441,"remaining_time":5.685763224},
{"learn":[2661.454396],"iteration":643,"passed_time":10.25476344,"remaining_time":5.668782273},
{"learn":[2660.834355],"iteration":644,"passed_time":10.27037135,"remaining_time":5.652685008},
{"learn":[2660.563479],"iteration":645,"passed_time":10.28388329,"remaining_time":5.635440688},
{"learn":[2660.199548],"iteration":646,"passed_time":10.29838919,"remaining_time":5.61875021},
{"learn":[2660.030441],"iteration":647,"passed_time":10.31180207,"remaining_time":5.601472729},
{"learn":[2659.397661],"iteration":648,"passed_time":10.32967121,"remaining_time":5.586617247},
{"learn":[2659.021218],"iteration":649,"passed_time":10.3453616,"remaining_time":5.570579325},
{"learn":[2658.670694],"iteration":650,"passed_time":10.35953779,"remaining_time":5.553730707},
{"learn":[2658.218017],"iteration":651,"passed_time":10.37784741,"remaining_time":5.53909647},
{"learn":[2657.676689],"iteration":652,"passed_time":10.40194707,"remaining_time":5.52752777},
{"learn":[2656.66651],"iteration":653,"passed_time":10.41843165,"remaining_time":5.511891976},
{"learn":[2656.481998],"iteration":654,"passed_time":10.4331469,"remaining_time":5.49532165},
{"learn":[2656.039987],"iteration":655,"passed_time":10.44742267,"remaining_time":5.478526524},
{"learn":[2655.905549],"iteration":656,"passed_time":10.4612887,"remaining_time":5.46152515},
{"learn":[2655.393104],"iteration":657,"passed_time":10.47734235,"remaining_time":5.44567034},
{"learn":[2655.194104],"iteration":658,"passed_time":10.49092454,"remaining_time":5.428536069},
{"learn":[2655.017728],"iteration":659,"passed_time":10.50458437,"remaining_time":5.411452555},
{"learn":[2654.629347],"iteration":660,"passed_time":10.51914703,"remaining_time":5.394842426},
{"learn":[2653.883161],"iteration":661,"passed_time":10.53391747,"remaining_time":5.378344569},
{"learn":[2653.50797],"iteration":662,"passed_time":10.54854891,"remaining_time":5.36178127},
{"learn":[2653.07693],"iteration":663,"passed_time":10.56343697,"remaining_time":5.345353649},
{"learn":[2652.887876],"iteration":664,"passed_time":10.57695263,"remaining_time":5.328239294},
{"learn":[2652.309227],"iteration":665,"passed_time":10.60732326,"remaining_time":5.31958854},
{"learn":[2651.766375],"iteration":666,"passed_time":10.6322529,"remaining_time":5.308156247},
{"learn":[2651.24686],"iteration":667,"passed_time":10.67173152,"remaining_time":5.303914467},
{"learn":[2650.772632],"iteration":668,"passed_time":10.73006627,"remaining_time":5.308896763},
{"learn":[2650.283574],"iteration":669,"passed_time":10.75980277,"remaining_time":5.299604348},
{"learn":[2649.986731],"iteration":670,"passed_time":10.7835496,"remaining_time":5.287314185},
{"learn":[2649.545439],"iteration":671,"passed_time":10.80100437,"remaining_time":5.2719188},
{"learn":[2649.11928],"iteration":672,"passed_time":10.81935067,"remaining_time":5.256950476},
{"learn":[2647.976702],"iteration":673,"passed_time":10.83556358,"remaining_time":5.24094025},
{"learn":[2646.971884],"iteration":674,"passed_time":10.8520048,"remaining_time":5.225039347},
{"learn":[2645.871259],"iteration":675,"passed_time":10.86738658,"remaining_time":5.208629069},
{"learn":[2645.393657],"iteration":676,"passed_time":10.88269885,"remaining_time":5.192188668},
{"learn":[2644.753907],"iteration":677,"passed_time":10.89777045,"remaining_time":5.175637291},
{"learn":[2644.440276],"iteration":678,"passed_time":10.91206616,"remaining_time":5.158723472},
{"learn":[2643.950759],"iteration":679,"passed_time":10.92643508,"remaining_time":5.141851804},
{"learn":[2643.757996],"iteration":680,"passed_time":10.94078897,"remaining_time":5.124980441},
{"learn":[2643.264192],"iteration":681,"passed_time":10.95536188,"remaining_time":5.108218588},
{"learn":[2643.10716],"iteration":682,"passed_time":10.96993644,"remaining_time":5.091463911},
{"learn":[2642.858148],"iteration":683,"passed_time":10.98383574,"remaining_time":5.074403644},
{"learn":[2642.779599],"iteration":684,"passed_time":11.0090356,"remaining_time":5.062549218},
{"learn":[2642.650685],"iteration":685,"passed_time":11.02583392,"remaining_time":5.046810279},
{"learn":[2642.138694],"iteration":686,"passed_time":11.04178876,"remaining_time":5.030683961},
{"learn":[2641.815511],"iteration":687,"passed_time":11.05677283,"remaining_time":5.014117912},
{"learn":[2641.385005],"iteration":688,"passed_time":11.07223188,"remaining_time":4.997770847},
{"learn":[2641.194753],"iteration":689,"passed_time":11.08731055,"remaining_time":4.981255464},
{"learn":[2640.103359],"iteration":690,"passed_time":11.10348936,"remaining_time":4.965236198},
{"learn":[2639.555161],"iteration":691,"passed_time":11.11890705,"remaining_time":4.948877703},
{"learn":[2639.30442],"iteration":692,"passed_time":11.132665,"remaining_time":4.93178666},
{"learn":[2638.746416],"iteration":693,"passed_time":11.14787559,"remaining_time":4.915345721},
{"learn":[2638.406696],"iteration":694,"passed_time":11.16211947,"remaining_time":4.898484085},
{"learn":[2638.288769],"iteration":695,"passed_time":11.17613075,"remaining_time":4.881528373},
{"learn":[2637.904004],"iteration":696,"passed_time":11.19692622,"remaining_time":4.867530336},
{"learn":[2637.300565],"iteration":697,"passed_time":11.21696036,"remaining_time":4.853183422},
{"learn":[2636.928206],"iteration":698,"passed_time":11.23351274,"remaining_time":4.837320937},
{"learn":[2636.548565],"iteration":699,"passed_time":11.2482471,"remaining_time":4.820677331},
{"learn":[2635.657202],"iteration":700,"passed_time":11.26398671,"remaining_time":4.80446794},
{"learn":[2634.903574],"iteration":701,"passed_time":11.27804266,"remaining_time":4.787545175},
{"learn":[2634.762754],"iteration":702,"passed_time":11.29541887,"remaining_time":4.772033292},
{"learn":[2634.193904],"iteration":703,"passed_time":11.31204178,"remaining_time":4.756199387},
{"learn":[2633.979265],"iteration":704,"passed_time":11.32632169,"remaining_time":4.739382834},
{"learn":[2633.642831],"iteration":705,"passed_time":11.34110467,"remaining_time":4.722782966},
{"learn":[2633.301642],"iteration":706,"passed_time":11.35535167,"remaining_time":4.705966109},
{"learn":[2632.816438],"iteration":707,"passed_time":11.37024754,"remaining_time":4.689424129},
{"learn":[2632.623144],"iteration":708,"passed_time":11.38226963,"remaining_time":4.671707281},
{"learn":[2632.252011],"iteration":709,"passed_time":11.39677235,"remaining_time":4.655019691},
{"learn":[2630.615829],"iteration":710,"passed_time":11.42285175,"remaining_time":4.643043818},
{"learn":[2629.600438],"iteration":711,"passed_time":11.44158056,"remaining_time":4.628055058},
{"learn":[2629.301219],"iteration":712,"passed_time":11.45645056,"remaining_time":4.611502541},
{"learn":[2628.273323],"iteration":713,"passed_time":11.47171517,"remaining_time":4.595112797},
{"learn":[2627.989947],"iteration":714,"passed_time":11.48572275,"remaining_time":4.578225153},
{"learn":[2627.755158],"iteration":715,"passed_time":11.49924858,"remaining_time":4.561154467},
{"learn":[2627.490912],"iteration":716,"passed_time":11.51390986,"remaining_time":4.544541829},
{"learn":[2627.192201],"iteration":717,"passed_time":11.52834505,"remaining_time":4.527845826},
{"learn":[2626.698993],"iteration":718,"passed_time":11.54326789,"remaining_time":4.511346701},
{"learn":[2626.494426],"iteration":719,"passed_time":11.55775585,"remaining_time":4.494682832},
{"learn":[2625.386285],"iteration":720,"passed_time":11.5736999,"remaining_time":4.478588448},
{"learn":[2624.939354],"iteration":721,"passed_time":11.58867383,"remaining_time":4.462120949},
{"learn":[2624.708428],"iteration":722,"passed_time":11.60850242,"remaining_time":4.447517524},
{"learn":[2624.292749],"iteration":723,"passed_time":11.62954399,"remaining_time":4.433362074},
{"learn":[2624.036605],"iteration":724,"passed_time":11.6453428,"remaining_time":4.417198993},
{"learn":[2623.14374],"iteration":725,"passed_time":11.66268869,"remaining_time":4.401620799},
{"learn":[2622.943285],"iteration":726,"passed_time":11.6783976,"remaining_time":4.385423033},
{"learn":[2622.665542],"iteration":727,"passed_time":11.6935092,"remaining_time":4.369003438},
{"learn":[2622.463075],"iteration":728,"passed_time":11.70818034,"remaining_time":4.352423692},
{"learn":[2622.112087],"iteration":729,"passed_time":11.72245523,"remaining_time":4.335702617},
{"learn":[2621.869256],"iteration":730,"passed_time":11.73752509,"remaining_time":4.31928078},
{"learn":[2621.428505],"iteration":731,"passed_time":11.75247755,"remaining_time":4.302819649},
{"learn":[2621.090221],"iteration":732,"passed_time":11.76701564,"remaining_time":4.286211699},
{"learn":[2620.815722],"iteration":733,"passed_time":11.78114287,"remaining_time":4.269460496},
{"learn":[2620.491924],"iteration":734,"passed_time":11.79545858,"remaining_time":4.252784385},
{"learn":[2620.008686],"iteration":735,"passed_time":11.81478847,"remaining_time":4.237913256},
{"learn":[2619.677166],"iteration":736,"passed_time":11.839253,"remaining_time":4.224862332},
{"learn":[2619.051077],"iteration":737,"passed_time":11.85398969,"remaining_time":4.208326965},
{"learn":[2618.26872],"iteration":738,"passed_time":11.87080055,"remaining_time":4.192529018},
{"learn":[2617.954193],"iteration":739,"passed_time":11.88508479,"remaining_time":4.1758406},
{"learn":[2617.175555],"iteration":740,"passed_time":11.90241994,"remaining_time":4.160225055},
{"learn":[2616.878793],"iteration":741,"passed_time":11.91784393,"remaining_time":4.143940342},
{"learn":[2616.312027],"iteration":742,"passed_time":11.93423884,"remaining_time":4.127993784},
{"learn":[2615.90235],"iteration":743,"passed_time":11.94975197,"remaining_time":4.111742614},
{"learn":[2615.595087],"iteration":744,"passed_time":11.9642542,"remaining_time":4.09514741},
{"learn":[2615.434802],"iteration":745,"passed_time":11.97835815,"remaining_time":4.078422211},
{"learn":[2615.245162],"iteration":746,"passed_time":11.99236619,"remaining_time":4.061671547},
{"learn":[2614.743483],"iteration":747,"passed_time":12.00729823,"remaining_time":4.04523951},
{"learn":[2614.446348],"iteration":748,"passed_time":12.02964152,"remaining_time":4.03129509},
{"learn":[2613.997074],"iteration":749,"passed_time":12.05110984,"remaining_time":4.017036615},
{"learn":[2613.805944],"iteration":750,"passed_time":12.06697299,"remaining_time":4.000900498},
{"learn":[2613.304065],"iteration":751,"passed_time":12.08145918,"remaining_time":3.984311005},
{"learn":[2612.797392],"iteration":752,"passed_time":12.09612154,"remaining_time":3.967784886},
{"learn":[2612.364197],"iteration":753,"passed_time":12.11107189,"remaining_time":3.951357673},
{"learn":[2611.942813],"iteration":754,"passed_time":12.12555577,"remaining_time":3.934782997},
{"learn":[2611.78943],"iteration":755,"passed_time":12.1402942,"remaining_time":3.918296012},
{"learn":[2611.403219],"iteration":756,"passed_time":12.15481202,"remaining_time":3.901742828},
{"learn":[2611.18084],"iteration":757,"passed_time":12.16915997,"remaining_time":3.885140782},
{"learn":[2610.939417],"iteration":758,"passed_time":12.18343096,"remaining_time":3.868520238},
{"learn":[2609.542655],"iteration":759,"passed_time":12.19727159,"remaining_time":3.851769975},
{"learn":[2609.062694],"iteration":760,"passed_time":12.21162397,"remaining_time":3.835188081},
{"learn":[2608.872292],"iteration":761,"passed_time":12.22613023,"remaining_time":3.818660097},
{"learn":[2608.492828],"iteration":762,"passed_time":12.2488914,"remaining_time":3.804701522},
{"learn":[2608.23479],"iteration":763,"passed_time":12.26729811,"remaining_time":3.789374808},
{"learn":[2607.869424],"iteration":764,"passed_time":12.28594037,"remaining_time":3.774112401},
{"learn":[2607.518468],"iteration":765,"passed_time":12.3019416,"remaining_time":3.75803438},
{"learn":[2607.177814],"iteration":766,"passed_time":12.31619685,"remaining_time":3.741426163},
{"learn":[2606.582672],"iteration":767,"passed_time":12.33013815,"remaining_time":3.724729233},
{"learn":[2606.216872],"iteration":768,"passed_time":12.3453506,"remaining_time":3.708421313},
{"learn":[2605.939793],"iteration":769,"passed_time":12.36016886,"remaining_time":3.69199849},
{"learn":[2605.783832],"iteration":770,"passed_time":12.37407718,"remaining_time":3.675309563},
{"learn":[2604.836682],"iteration":771,"passed_time":12.38927544,"remaining_time":3.659008809},
{"learn":[2604.629985],"iteration":772,"passed_time":12.40369032,"remaining_time":3.642480859},
{"learn":[2604.320315],"iteration":773,"passed_time":12.41755995,"remaining_time":3.625799159},
{"learn":[2604.202806],"iteration":774,"passed_time":12.43866584,"remaining_time":3.611225568},
{"learn":[2604.004665],"iteration":775,"passed_time":12.46121601,"remaining_time":3.597052043},
{"learn":[2603.407134],"iteration":776,"passed_time":12.47848192,"remaining_time":3.58134037},
{"learn":[2603.263082],"iteration":777,"passed_time":12.49286687,"remaining_time":3.564802629},
{"learn":[2602.656053],"iteration":778,"passed_time":12.50885509,"remaining_time":3.548725258},
{"learn":[2601.966686],"iteration":779,"passed_time":12.52450303,"remaining_time":3.532552138},
{"learn":[2601.504578],"iteration":780,"passed_time":12.53949345,"remaining_time":3.516195985},
{"learn":[2600.855944],"iteration":781,"passed_time":12.55574796,"remaining_time":3.500195723},
{"learn":[2600.638479],"iteration":782,"passed_time":12.56981138,"remaining_time":3.483587572},
{"learn":[2600.294422],"iteration":783,"passed_time":12.58460839,"remaining_time":3.467188027},
{"learn":[2600.108818],"iteration":784,"passed_time":12.59906871,"remaining_time":3.450700347},
{"learn":[2599.885641],"iteration":785,"passed_time":12.61242757,"remaining_time":3.433917939},
{"learn":[2599.510168],"iteration":786,"passed_time":12.6263119,"remaining_time":3.417286448},
{"learn":[2599.282192],"iteration":787,"passed_time":12.64291622,"remaining_time":3.401393704},
{"learn":[2599.118839],"iteration":788,"passed_time":12.66776112,"remaining_time":3.38770291},
{"learn":[2598.84403],"iteration":789,"passed_time":12.68480292,"remaining_time":3.371909637},
{"learn":[2598.535956],"iteration":790,"passed_time":12.70047038,"remaining_time":3.355750075},
{"learn":[2597.798328],"iteration":791,"passed_time":12.71462064,"remaining_time":3.339193301},
{"learn":[2597.659074],"iteration":792,"passed_time":12.7281611,"remaining_time":3.322483415},
{"learn":[2596.941284],"iteration":793,"passed_time":12.74317988,"remaining_time":3.306165057},
{"learn":[2596.436675],"iteration":794,"passed_time":12.75822092,"remaining_time":3.289855709},
{"learn":[2595.870573],"iteration":795,"passed_time":12.77362795,"remaining_time":3.273643343},
{"learn":[2595.264297],"iteration":796,"passed_time":12.78918194,"remaining_time":3.25747043},
{"learn":[2594.930301],"iteration":797,"passed_time":12.80433474,"remaining_time":3.241197516},
{"learn":[2594.625919],"iteration":798,"passed_time":12.81764421,"remaining_time":3.224463688},
{"learn":[2594.385177],"iteration":799,"passed_time":12.83180109,"remaining_time":3.207950274},
{"learn":[2593.886866],"iteration":800,"passed_time":12.84959067,"remaining_time":3.192345246},
{"learn":[2593.542943],"iteration":801,"passed_time":12.8731879,"remaining_time":3.178168583},
{"learn":[2593.0566],"iteration":802,"passed_time":12.88780185,"remaining_time":3.161764589},
{"learn":[2592.656749],"iteration":803,"passed_time":12.90386672,"remaining_time":3.145718752},
{"learn":[2592.332076],"iteration":804,"passed_time":12.91770028,"remaining_time":3.129132365},
{"learn":[2591.9654],"iteration":805,"passed_time":12.93162191,"remaining_time":3.112574008},
{"learn":[2591.688896],"iteration":806,"passed_time":12.94617179,"remaining_time":3.096172435},
{"learn":[2591.502862],"iteration":807,"passed_time":12.96016638,"remaining_time":3.079643495},
{"learn":[2590.797871],"iteration":808,"passed_time":12.97549705,"remaining_time":3.063436262},
{"learn":[2590.655298],"iteration":809,"passed_time":12.98971913,"remaining_time":3.046971155},
{"learn":[2590.521167],"iteration":810,"passed_time":13.00428559,"remaining_time":3.030591834},
{"learn":[2589.995613],"iteration":811,"passed_time":13.02009726,"remaining_time":3.014505277},
{"learn":[2589.620395],"iteration":812,"passed_time":13.03502404,"remaining_time":2.998215862},
{"learn":[2589.436268],"iteration":813,"passed_time":13.05278026,"remaining_time":2.982576324},
{"learn":[2588.732391],"iteration":814,"passed_time":13.07940355,"remaining_time":2.968944363},
{"learn":[2588.583303],"iteration":815,"passed_time":13.0937709,"remaining_time":2.952516968},
{"learn":[2588.191407],"iteration":816,"passed_time":13.10871198,"remaining_time":2.936223124},
{"learn":[2587.935065],"iteration":817,"passed_time":13.12197872,"remaining_time":2.919560058},
{"learn":[2587.681077],"iteration":818,"passed_time":13.13621849,"remaining_time":2.903120325},
{"learn":[2587.050683],"iteration":819,"passed_time":13.15114826,"remaining_time":2.886837422},
{"learn":[2586.764865],"iteration":820,"passed_time":13.16541583,"remaining_time":2.870413439},
{"learn":[2586.517738],"iteration":821,"passed_time":13.18024681,"remaining_time":2.854116705},
{"learn":[2586.241088],"iteration":822,"passed_time":13.19443131,"remaining_time":2.837684498},
{"learn":[2585.992101],"iteration":823,"passed_time":13.20910832,"remaining_time":2.821362942},
{"learn":[2585.778446],"iteration":824,"passed_time":13.22391783,"remaining_time":2.80507348},
{"learn":[2585.648136],"iteration":825,"passed_time":13.2376799,"remaining_time":2.788566953},
{"learn":[2585.235856],"iteration":826,"passed_time":13.25829703,"remaining_time":2.773501071},
{"learn":[2584.998498],"iteration":827,"passed_time":13.28239927,"remaining_time":2.759145743},
{"learn":[2584.544371],"iteration":828,"passed_time":13.29930091,"remaining_time":2.743281612},
{"learn":[2584.291028],"iteration":829,"passed_time":13.31385252,"remaining_time":2.726933649},
{"learn":[2584.17686],"iteration":830,"passed_time":13.3274977,"remaining_time":2.71040567},
{"learn":[2583.96643],"iteration":831,"passed_time":13.34172446,"remaining_time":2.694002055},
{"learn":[2583.675867],"iteration":832,"passed_time":13.35584615,"remaining_time":2.677582601},
{"learn":[2583.468408],"iteration":833,"passed_time":13.36965333,"remaining_time":2.661106058},
{"learn":[2583.213431],"iteration":834,"passed_time":13.38476886,"remaining_time":2.644894444},
{"learn":[2582.875178],"iteration":835,"passed_time":13.39981516,"remaining_time":2.628671874},
{"learn":[2582.167762],"iteration":836,"passed_time":13.41338503,"remaining_time":2.612164588},
{"learn":[2581.994445],"iteration":837,"passed_time":13.42729414,"remaining_time":2.595729894},
{"learn":[2581.447621],"iteration":838,"passed_time":13.44219707,"remaining_time":2.579491928},
{"learn":[2581.226219],"iteration":839,"passed_time":13.45646351,"remaining_time":2.563135908},
{"learn":[2581.017317],"iteration":840,"passed_time":13.48034496,"remaining_time":2.548602674},
{"learn":[2580.554499],"iteration":841,"passed_time":13.49777638,"remaining_time":2.532836897},
{"learn":[2580.318949],"iteration":842,"passed_time":13.51347462,"remaining_time":2.516744384},
{"learn":[2579.978615],"iteration":843,"passed_time":13.52770007,"remaining_time":2.500380582},
{"learn":[2579.52827],"iteration":844,"passed_time":13.54328505,"remaining_time":2.484271223},
{"learn":[2579.372181],"iteration":845,"passed_time":13.5575784,"remaining_time":2.467927982},
{"learn":[2578.480743],"iteration":846,"passed_time":13.57226762,"remaining_time":2.451661093},
{"learn":[2578.267357],"iteration":847,"passed_time":13.58732742,"remaining_time":2.435464348},
{"learn":[2578.108785],"iteration":848,"passed_time":13.60093953,"remaining_time":2.419012802},
{"learn":[2577.89221],"iteration":849,"passed_time":13.61505505,"remaining_time":2.402656773},
{"learn":[2577.717801],"iteration":850,"passed_time":13.6289702,"remaining_time":2.386270928},
{"learn":[2577.376504],"iteration":851,"passed_time":13.64318768,"remaining_time":2.3699434},
{"learn":[2577.261784],"iteration":852,"passed_time":13.65792351,"remaining_time":2.353710147},
{"learn":[2577.074081],"iteration":853,"passed_time":13.67244258,"remaining_time":2.337443345},
{"learn":[2576.824477],"iteration":854,"passed_time":13.69375515,"remaining_time":2.322332745},
{"learn":[2576.579408],"iteration":855,"passed_time":13.71343596,"remaining_time":2.306933152},
{"learn":[2576.375955],"iteration":856,"passed_time":13.72861565,"remaining_time":2.290772507},
{"learn":[2576.143715],"iteration":857,"passed_time":13.74258603,"remaining_time":2.274414005},
{"learn":[2575.951423],"iteration":858,"passed_time":13.75742073,"remaining_time":2.258202937},
{"learn":[2575.801383],"iteration":859,"passed_time":13.77075895,"remaining_time":2.241751457},
{"learn":[2575.659363],"iteration":860,"passed_time":13.78580741,"remaining_time":2.22558331},
{"learn":[2575.499888],"iteration":861,"passed_time":13.79921711,"remaining_time":2.209155407},
{"learn":[2575.325508],"iteration":862,"passed_time":13.81368965,"remaining_time":2.192903223},
{"learn":[2575.219228],"iteration":863,"passed_time":13.82696229,"remaining_time":2.176466286},
{"learn":[2574.842708],"iteration":864,"passed_time":13.84353539,"remaining_time":2.160551765},
{"learn":[2574.757309],"iteration":865,"passed_time":13.85816682,"remaining_time":2.144335281},
{"learn":[2574.475075],"iteration":866,"passed_time":13.87307705,"remaining_time":2.128165222},
{"learn":[2574.077853],"iteration":867,"passed_time":13.88743958,"remaining_time":2.111914774},
{"learn":[2573.601629],"iteration":868,"passed_time":13.91157587,"remaining_time":2.097142048},
{"learn":[2573.363366],"iteration":869,"passed_time":13.92843663,"remaining_time":2.081260646},
{"learn":[2573.240563],"iteration":870,"passed_time":13.94319858,"remaining_time":2.06506615},
{"learn":[2573.007175],"iteration":871,"passed_time":13.95775828,"remaining_time":2.048845253},
{"learn":[2572.778117],"iteration":872,"passed_time":13.97109377,"remaining_time":2.032450067},
{"learn":[2572.661639],"iteration":873,"passed_time":13.98515114,"remaining_time":2.016165954},
{"learn":[2572.357159],"iteration":874,"passed_time":13.99917611,"remaining_time":1.999882301},
{"learn":[2571.886569],"iteration":875,"passed_time":14.01501778,"remaining_time":1.983860964},
{"learn":[2571.302219],"iteration":876,"passed_time":14.03014174,"remaining_time":1.967739377},
{"learn":[2571.119529],"iteration":877,"passed_time":14.04466823,"remaining_time":1.951537043},
{"learn":[2570.982985],"iteration":878,"passed_time":14.0581858,"remaining_time":1.935199638},
{"learn":[2570.626971],"iteration":879,"passed_time":14.0719539,"remaining_time":1.918902805},
{"learn":[2570.425153],"iteration":880,"passed_time":14.08585795,"remaining_time":1.902630074},
{"learn":[2570.075733],"iteration":881,"passed_time":14.10093795,"remaining_time":1.886520043},
{"learn":[2569.730374],"iteration":882,"passed_time":14.12039752,"remaining_time":1.870992649},
{"learn":[2569.604424],"iteration":883,"passed_time":14.14358458,"remaining_time":1.855945488},
{"learn":[2569.213436],"iteration":884,"passed_time":14.15902638,"remaining_time":1.839873484},
{"learn":[2569.006946],"iteration":885,"passed_time":14.17410295,"remaining_time":1.82375591},
{"learn":[2568.82176],"iteration":886,"passed_time":14.1888427,"remaining_time":1.807597773},
{"learn":[2568.254625],"iteration":887,"passed_time":14.20349152,"remaining_time":1.791431363},
{"learn":[2567.735941],"iteration":888,"passed_time":14.21850397,"remaining_time":1.775313769},
{"learn":[2567.451443],"iteration":889,"passed_time":14.23563078,"remaining_time":1.759459984},
{"learn":[2567.118477],"iteration":890,"passed_time":14.25233328,"remaining_time":1.743551434},
{"learn":[2566.683936],"iteration":891,"passed_time":14.26791436,"remaining_time":1.727505326},
{"learn":[2566.555278],"iteration":892,"passed_time":14.28251059,"remaining_time":1.711342254},
{"learn":[2566.274189],"iteration":893,"passed_time":14.2973869,"remaining_time":1.695215896},
{"learn":[2566.058015],"iteration":894,"passed_time":14.31168566,"remaining_time":1.679024575},
{"learn":[2565.921076],"iteration":895,"passed_time":14.33215114,"remaining_time":1.663553258},
{"learn":[2565.653508],"iteration":896,"passed_time":14.35397182,"remaining_time":1.648226419},
{"learn":[2565.491112],"iteration":897,"passed_time":14.36804563,"remaining_time":1.632005183},
{"learn":[2564.932746],"iteration":898,"passed_time":14.38353721,"remaining_time":1.615948007},
{"learn":[2564.510987],"iteration":899,"passed_time":14.39812338,"remaining_time":1.599791487},
{"learn":[2564.351248],"iteration":900,"passed_time":14.4120032,"remaining_time":1.58356084},
{"learn":[2563.975847],"iteration":901,"passed_time":14.42701565,"remaining_time":1.567458463},
{"learn":[2563.634067],"iteration":902,"passed_time":14.44227976,"remaining_time":1.551385533},
{"learn":[2563.009182],"iteration":903,"passed_time":14.45770634,"remaining_time":1.535331647},
{"learn":[2562.698528],"iteration":904,"passed_time":14.47189652,"remaining_time":1.519149359},
{"learn":[2562.22532],"iteration":905,"passed_time":14.4871794,"remaining_time":1.503084839},
{"learn":[2561.938432],"iteration":906,"passed_time":14.50266947,"remaining_time":1.487043286},
{"learn":[2561.788338],"iteration":907,"passed_time":14.51611757,"remaining_time":1.470796053},
{"learn":[2561.67081],"iteration":908,"passed_time":14.52962478,"remaining_time":1.454560897},
{"learn":[2561.26885],"iteration":909,"passed_time":14.55140302,"remaining_time":1.439149749},
{"learn":[2561.050111],"iteration":910,"passed_time":14.57085692,"remaining_time":1.423497548},
{"learn":[2560.8957],"iteration":911,"passed_time":14.58498883,"remaining_time":1.407323483},
{"learn":[2560.629268],"iteration":912,"passed_time":14.5987249,"remaining_time":1.391116173},
{"learn":[2560.548342],"iteration":913,"passed_time":14.61212657,"remaining_time":1.374882806},
{"learn":[2560.414227],"iteration":914,"passed_time":14.62587198,"remaining_time":1.358687561},
{"learn":[2560.25948],"iteration":915,"passed_time":14.63946852,"remaining_time":1.342484013},
{"learn":[2559.520912],"iteration":916,"passed_time":14.65527225,"remaining_time":1.326485929},
{"learn":[2559.323433],"iteration":917,"passed_time":14.66989729,"remaining_time":1.310382982},
{"learn":[2559.130602],"iteration":918,"passed_time":14.68468209,"remaining_time":1.294297333},
{"learn":[2558.519342],"iteration":919,"passed_time":14.69933836,"remaining_time":1.278203336},
{"learn":[2558.175564],"iteration":920,"passed_time":14.71447156,"remaining_time":1.26215337},
{"learn":[2558.074459],"iteration":921,"passed_time":14.72816877,"remaining_time":1.245983909},
{"learn":[2557.713631],"iteration":922,"passed_time":14.7561885,"remaining_time":1.231014642},
{"learn":[2557.572583],"iteration":923,"passed_time":14.77137635,"remaining_time":1.214961692},
{"learn":[2557.348527],"iteration":924,"passed_time":14.78577339,"remaining_time":1.198846491},
{"learn":[2557.133978],"iteration":925,"passed_time":14.80039434,"remaining_time":1.182752895},
{"learn":[2556.729935],"iteration":926,"passed_time":14.81567487,"remaining_time":1.166714418},
{"learn":[2556.436281],"iteration":927,"passed_time":14.83065104,"remaining_time":1.15065396},
{"learn":[2556.254306],"iteration":928,"passed_time":14.84500263,"remaining_time":1.134548102},
{"learn":[2555.974355],"iteration":929,"passed_time":14.85954625,"remaining_time":1.11846047},
{"learn":[2555.744763],"iteration":930,"passed_time":14.87344564,"remaining_time":1.10232841},
{"learn":[2555.638691],"iteration":931,"passed_time":14.88695991,"remaining_time":1.086173041},
{"learn":[2555.439125],"iteration":932,"passed_time":14.9006186,"remaining_time":1.070033705},
{"learn":[2555.290082],"iteration":933,"passed_time":14.91530858,"remaining_time":1.053972555},
{"learn":[2554.929034],"iteration":934,"passed_time":14.9331659,"remaining_time":1.038134528},
{"learn":[2554.787204],"iteration":935,"passed_time":14.95914566,"remaining_time":1.022847566},
{"learn":[2554.35474],"iteration":936,"passed_time":14.97657746,"remaining_time":1.006963052},
{"learn":[2554.121386],"iteration":937,"passed_time":14.99218219,"remaining_time":0.9909544731},
{"learn":[2554.055067],"iteration":938,"passed_time":15.00705547,"remaining_time":0.9748992374},
{"learn":[2553.689941],"iteration":939,"passed_time":15.02347145,"remaining_time":0.9589449862},
{"learn":[2553.497634],"iteration":940,"passed_time":15.03836291,"remaining_time":0.9428941674},
{"learn":[2553.318988],"iteration":941,"passed_time":15.05369389,"remaining_time":0.9268728721},
{"learn":[2553.102626],"iteration":942,"passed_time":15.06885176,"remaining_time":0.910842577},
{"learn":[2552.954182],"iteration":943,"passed_time":15.08277538,"remaining_time":0.8947409126},
{"learn":[2552.825915],"iteration":944,"passed_time":15.09683447,"remaining_time":0.8786517416},
{"learn":[2552.468535],"iteration":945,"passed_time":15.11110722,"remaining_time":0.862579059},
{"learn":[2552.373816],"iteration":946,"passed_time":15.12538993,"remaining_time":0.8465107351},
{"learn":[2552.14091],"iteration":947,"passed_time":15.14626221,"remaining_time":0.8308076318},
{"learn":[2551.989162],"iteration":948,"passed_time":15.1701885,"remaining_time":0.8152577591},
{"learn":[2551.669667],"iteration":949,"passed_time":15.18699175,"remaining_time":0.7993153555},
{"learn":[2551.336796],"iteration":950,"passed_time":15.2014051,"remaining_time":0.7832480022},
{"learn":[2550.75828],"iteration":951,"passed_time":15.21983706,"remaining_time":0.7673867425},
{"learn":[2550.643514],"iteration":952,"passed_time":15.23338731,"remaining_time":0.751279332},
{"learn":[2550.530114],"iteration":953,"passed_time":15.24826097,"remaining_time":0.7352410949},
{"learn":[2550.369088],"iteration":954,"passed_time":15.26200568,"remaining_time":0.7191521001},
{"learn":[2550.183144],"iteration":955,"passed_time":15.27641553,"remaining_time":0.7030986227},
{"learn":[2549.781996],"iteration":956,"passed_time":15.29112563,"remaining_time":0.6870620713},
{"learn":[2549.537141],"iteration":957,"passed_time":15.30522042,"remaining_time":0.6710013128},
{"learn":[2549.405882],"iteration":958,"passed_time":15.31860019,"remaining_time":0.6549140854},
{"learn":[2549.279879],"iteration":959,"passed_time":15.33228682,"remaining_time":0.6388452843},
{"learn":[2549.21262],"iteration":960,"passed_time":15.34678644,"remaining_time":0.6228144342},
{"learn":[2548.979981],"iteration":961,"passed_time":15.37359961,"remaining_time":0.6072731654},
{"learn":[2548.840113],"iteration":962,"passed_time":15.39094595,"remaining_time":0.5913447561},
{"learn":[2548.532108],"iteration":963,"passed_time":15.40638572,"remaining_time":0.5753422052},
{"learn":[2548.305539],"iteration":964,"passed_time":15.42144402,"remaining_time":0.5593269851},
{"learn":[2547.992829],"iteration":965,"passed_time":15.43536095,"remaining_time":0.5432735737},
{"learn":[2547.897535],"iteration":966,"passed_time":15.45046393,"remaining_time":0.5272650564},
{"learn":[2547.681013],"iteration":967,"passed_time":15.46477507,"remaining_time":0.5112322337},
{"learn":[2547.338405],"iteration":968,"passed_time":15.47948167,"remaining_time":0.4952156158},
{"learn":[2547.053402],"iteration":969,"passed_time":15.49413889,"remaining_time":0.4792001719},
{"learn":[2546.735854],"iteration":970,"passed_time":15.50934996,"remaining_time":0.4632040669},
{"learn":[2546.38887],"iteration":971,"passed_time":15.52392283,"remaining_time":0.4471911927},
{"learn":[2546.322797],"iteration":972,"passed_time":15.53636078,"remaining_time":0.431122036},
{"learn":[2546.113401],"iteration":973,"passed_time":15.55422369,"remaining_time":0.4152051499},
{"learn":[2545.978613],"iteration":974,"passed_time":15.57750852,"remaining_time":0.3994232955},
{"learn":[2545.629433],"iteration":975,"passed_time":15.59403427,"remaining_time":0.3834598591},
{"learn":[2545.413943],"iteration":976,"passed_time":15.6098396,"remaining_time":0.3674783119},
{"learn":[2545.129126],"iteration":977,"passed_time":15.62595511,"remaining_time":0.3515041027},
{"learn":[2544.894965],"iteration":978,"passed_time":15.64106656,"remaining_time":0.3355080672},
{"learn":[2544.806368],"iteration":979,"passed_time":15.65664852,"remaining_time":0.3195234392},
{"learn":[2544.645961],"iteration":980,"passed_time":15.67105089,"remaining_time":0.3035167858},
{"learn":[2544.151236],"iteration":981,"passed_time":15.68648892,"remaining_time":0.2875323835},
{"learn":[2543.90095],"iteration":982,"passed_time":15.7002151,"remaining_time":0.271519488},
{"learn":[2543.579646],"iteration":983,"passed_time":15.71591165,"remaining_time":0.2555432789},
{"learn":[2543.362597],"iteration":984,"passed_time":15.73067613,"remaining_time":0.2395534436},
{"learn":[2542.850526],"iteration":985,"passed_time":15.74588327,"remaining_time":0.2235723791},
{"learn":[2542.676551],"iteration":986,"passed_time":15.76648932,"remaining_time":0.2076639931},
{"learn":[2542.411708],"iteration":987,"passed_time":15.78956185,"remaining_time":0.1917760548},
{"learn":[2542.256148],"iteration":988,"passed_time":15.80439704,"remaining_time":0.1757819691},
{"learn":[2541.946717],"iteration":989,"passed_time":15.81945043,"remaining_time":0.1597924286},
{"learn":[2541.524782],"iteration":990,"passed_time":15.8337429,"remaining_time":0.1437978669},
{"learn":[2541.311317],"iteration":991,"passed_time":15.84753523,"remaining_time":0.1278027035},
{"learn":[2540.983717],"iteration":992,"passed_time":15.86225706,"remaining_time":0.1118185291},
{"learn":[2540.777811],"iteration":993,"passed_time":15.87664013,"remaining_time":0.09583484988},
{"learn":[2540.598995],"iteration":994,"passed_time":15.89092702,"remaining_time":0.0798539046},
{"learn":[2540.025612],"iteration":995,"passed_time":15.90622438,"remaining_time":0.06388041921},
{"learn":[2539.841947],"iteration":996,"passed_time":15.92066994,"remaining_time":0.04790572701},
{"learn":[2539.587808],"iteration":997,"passed_time":15.93553607,"remaining_time":0.03193494203},
{"learn":[2539.258719],"iteration":998,"passed_time":15.95017633,"remaining_time":0.01596614247},
{"learn":[2538.979239],"iteration":999,"passed_time":15.96451486,"remaining_time":0}
]}